BeachId,Region,Council,Site,Longitude,Latitude,Date,Enterococci (cfu/100ml)
74,Sydney Harbour,City of Canada Bay Council,Cabarita Beach,151.11852,-33.84187,20/09/2021,8
74,Sydney Harbour,City of Canada Bay Council,Cabarita Beach,151.11852,-33.84187,26/11/2021,220
74,Sydney Harbour,City of Canada Bay Council,Cabarita Beach,151.11852,-33.84187,13/07/2021,3
74,Sydney Harbour,City of Canada Bay Council,Cabarita Beach,151.11852,-33.84187,14/10/2021,15
74,Sydney Harbour,City of Canada Bay Council,Cabarita Beach,151.11852,-33.84187,04/11/2021,5
74,Sydney Harbour,City of Canada Bay Council,Cabarita Beach,151.11852,-33.84187,16/11/2021,0
74,Sydney Harbour,City of Canada Bay Council,Cabarita Beach,151.11852,-33.84187,22/11/2021,54
74,Sydney Harbour,City of Canada Bay Council,Cabarita Beach,151.11852,-33.84187,26/04/2021,4
74,Sydney Harbour,City of Canada Bay Council,Cabarita Beach,151.11852,-33.84187,26/08/2021,160
74,Sydney Harbour,City of Canada Bay Council,Cabarita Beach,151.11852,-33.84187,20/10/2021,6
74,Sydney Harbour,City of Canada Bay Council,Cabarita Beach,151.11852,-33.84187,26/10/2021,4
74,Sydney Harbour,City of Canada Bay Council,Cabarita Beach,151.11852,-33.84187,03/12/2021,8
74,Sydney Harbour,City of Canada Bay Council,Cabarita Beach,151.11852,-33.84187,13/05/2021,9
74,Sydney Harbour,City of Canada Bay Council,Cabarita Beach,151.11852,-33.84187,09/06/2021,12
74,Sydney Harbour,City of Canada Bay Council,Cabarita Beach,151.11852,-33.84187,08/10/2021,83
74,Sydney Harbour,City of Canada Bay Council,Cabarita Beach,151.11852,-33.84187,29/10/2021,22
74,Sydney Harbour,City of Canada Bay Council,Cabarita Beach,151.11852,-33.84187,10/11/2021,5
74,Sydney Harbour,City of Canada Bay Council,Cabarita Beach,151.11852,-33.84187,15/12/2021,1
74,Sydney Harbour,City of Canada Bay Council,Cabarita Beach,151.11852,-33.84187,29/12/2021,20
74,Sydney Harbour,City of Canada Bay Council,Cabarita Beach,151.11852,-33.84187,02/02/2021,64
74,Sydney Harbour,City of Canada Bay Council,Cabarita Beach,151.11852,-33.84187,22/12/2021,0
74,Sydney Harbour,City of Canada Bay Council,Cabarita Beach,151.11852,-33.84187,08/02/2021,1
74,Sydney Harbour,City of Canada Bay Council,Cabarita Beach,151.11852,-33.84187,09/12/2021,10
74,Sydney Harbour,City of Canada Bay Council,Cabarita Beach,151.11852,-33.84187,14/01/2021,0
74,Sydney Harbour,City of Canada Bay Council,Cabarita Beach,151.11852,-33.84187,27/01/2021,8
74,Sydney Harbour,City of Canada Bay Council,Cabarita Beach,151.11852,-33.84187,25/02/2021,10
74,Sydney Harbour,City of Canada Bay Council,Cabarita Beach,151.11852,-33.84187,22/12/2021,0
74,Sydney Harbour,City of Canada Bay Council,Cabarita Beach,151.11852,-33.84187,18/01/2021,0
74,Sydney Harbour,City of Canada Bay Council,Cabarita Beach,151.11852,-33.84187,12/02/2021,6
74,Sydney Harbour,City of Canada Bay Council,Cabarita Beach,151.11852,-33.84187,18/02/2021,5
74,Sydney Harbour,City of Canada Bay Council,Cabarita Beach,151.11852,-33.84187,08/03/2021,0
74,Sydney Harbour,City of Canada Bay Council,Cabarita Beach,151.11852,-33.84187,02/03/2021,3
74,Sydney Harbour,City of Canada Bay Council,Cabarita Beach,151.11852,-33.84187,12/03/2021,6
74,Sydney Harbour,City of Canada Bay Council,Cabarita Beach,151.11852,-33.84187,19/03/2021,9500
74,Sydney Harbour,City of Canada Bay Council,Cabarita Beach,151.11852,-33.84187,24/03/2021,53
74,Sydney Harbour,City of Canada Bay Council,Cabarita Beach,151.11852,-33.84187,08/04/2021,14
74,Sydney Harbour,City of Canada Bay Council,Cabarita Beach,151.11852,-33.84187,20/04/2021,3
74,Sydney Harbour,City of Canada Bay Council,Cabarita Beach,151.11852,-33.84187,14/04/2021,6
74,Sydney Harbour,City of Canada Bay Council,Cabarita Beach,151.11852,-33.84187,31/03/2021,14
74.1,Sydney Harbour,City of Canada Bay Council,Chiswick Baths,151.14295,-33.847206,31/03/2021,26
74.1,Sydney Harbour,City of Canada Bay Council,Chiswick Baths,151.14295,-33.847206,14/04/2021,4
74.1,Sydney Harbour,City of Canada Bay Council,Chiswick Baths,151.14295,-33.847206,20/04/2021,3
74.1,Sydney Harbour,City of Canada Bay Council,Chiswick Baths,151.14295,-33.847206,25/02/2021,28
74.1,Sydney Harbour,City of Canada Bay Council,Chiswick Baths,151.14295,-33.847206,08/03/2021,1
74.1,Sydney Harbour,City of Canada Bay Council,Chiswick Baths,151.14295,-33.847206,08/02/2021,2
74.1,Sydney Harbour,City of Canada Bay Council,Chiswick Baths,151.14295,-33.847206,18/02/2021,3
74.1,Sydney Harbour,City of Canada Bay Council,Chiswick Baths,151.14295,-33.847206,12/02/2021,
74.1,Sydney Harbour,City of Canada Bay Council,Chiswick Baths,151.14295,-33.847206,02/02/2021,120
74.1,Sydney Harbour,City of Canada Bay Council,Chiswick Baths,151.14295,-33.847206,22/12/2021,11
74.1,Sydney Harbour,City of Canada Bay Council,Chiswick Baths,151.14295,-33.847206,02/03/2021,2
74.1,Sydney Harbour,City of Canada Bay Council,Chiswick Baths,151.14295,-33.847206,12/03/2021,3
74.1,Sydney Harbour,City of Canada Bay Council,Chiswick Baths,151.14295,-33.847206,19/03/2021,3800
74.1,Sydney Harbour,City of Canada Bay Council,Chiswick Baths,151.14295,-33.847206,24/03/2021,26
74.1,Sydney Harbour,City of Canada Bay Council,Chiswick Baths,151.14295,-33.847206,08/04/2021,14
74.1,Sydney Harbour,City of Canada Bay Council,Chiswick Baths,151.14295,-33.847206,27/01/2021,18
74.1,Sydney Harbour,City of Canada Bay Council,Chiswick Baths,151.14295,-33.847206,14/01/2021,24
74.1,Sydney Harbour,City of Canada Bay Council,Chiswick Baths,151.14295,-33.847206,18/01/2021,14
74.1,Sydney Harbour,City of Canada Bay Council,Chiswick Baths,151.14295,-33.847206,09/12/2021,8
74.1,Sydney Harbour,City of Canada Bay Council,Chiswick Baths,151.14295,-33.847206,15/12/2021,2
74.1,Sydney Harbour,City of Canada Bay Council,Chiswick Baths,151.14295,-33.847206,29/12/2021,7
74.1,Sydney Harbour,City of Canada Bay Council,Chiswick Baths,151.14295,-33.847206,26/11/2021,160
74.1,Sydney Harbour,City of Canada Bay Council,Chiswick Baths,151.14295,-33.847206,08/10/2021,10
74.1,Sydney Harbour,City of Canada Bay Council,Chiswick Baths,151.14295,-33.847206,26/10/2021,3
74.1,Sydney Harbour,City of Canada Bay Council,Chiswick Baths,151.14295,-33.847206,26/08/2021,140
74.1,Sydney Harbour,City of Canada Bay Council,Chiswick Baths,151.14295,-33.847206,26/04/2021,54
74.1,Sydney Harbour,City of Canada Bay Council,Chiswick Baths,151.14295,-33.847206,13/07/2021,6
74.1,Sydney Harbour,City of Canada Bay Council,Chiswick Baths,151.14295,-33.847206,10/11/2021,28
74.1,Sydney Harbour,City of Canada Bay Council,Chiswick Baths,151.14295,-33.847206,09/06/2021,3
74.1,Sydney Harbour,City of Canada Bay Council,Chiswick Baths,151.14295,-33.847206,13/05/2021,34
74.1,Sydney Harbour,City of Canada Bay Council,Chiswick Baths,151.14295,-33.847206,16/11/2021,0
74.1,Sydney Harbour,City of Canada Bay Council,Chiswick Baths,151.14295,-33.847206,22/11/2021,44
74.1,Sydney Harbour,City of Canada Bay Council,Chiswick Baths,151.14295,-33.847206,04/11/2021,11
74.1,Sydney Harbour,City of Canada Bay Council,Chiswick Baths,151.14295,-33.847206,03/12/2021,29
74.1,Sydney Harbour,City of Canada Bay Council,Chiswick Baths,151.14295,-33.847206,29/10/2021,5
74.1,Sydney Harbour,City of Canada Bay Council,Chiswick Baths,151.14295,-33.847206,14/10/2021,5
74.1,Sydney Harbour,City of Canada Bay Council,Chiswick Baths,151.14295,-33.847206,20/10/2021,0
74.1,Sydney Harbour,City of Canada Bay Council,Chiswick Baths,151.14295,-33.847206,20/09/2021,3
61,Sydney Harbour,City of Sydney,Darling Harbour,151.20069,-33.87129,13/07/2021,35
61,Sydney Harbour,City of Sydney,Darling Harbour,151.20069,-33.87129,26/08/2021,44
61,Sydney Harbour,City of Sydney,Darling Harbour,151.20069,-33.87129,09/12/2021,30
61,Sydney Harbour,City of Sydney,Darling Harbour,151.20069,-33.87129,20/04/2021,5
61,Sydney Harbour,City of Sydney,Darling Harbour,151.20069,-33.87129,04/11/2021,180
61,Sydney Harbour,City of Sydney,Darling Harbour,151.20069,-33.87129,10/11/2021,72
61,Sydney Harbour,City of Sydney,Darling Harbour,151.20069,-33.87129,22/11/2021,15
61,Sydney Harbour,City of Sydney,Darling Harbour,151.20069,-33.87129,26/11/2021,900
61,Sydney Harbour,City of Sydney,Darling Harbour,151.20069,-33.87129,09/06/2021,200
61,Sydney Harbour,City of Sydney,Darling Harbour,151.20069,-33.87129,16/11/2021,2
61,Sydney Harbour,City of Sydney,Darling Harbour,151.20069,-33.87129,13/05/2021,15
61,Sydney Harbour,City of Sydney,Darling Harbour,151.20069,-33.87129,26/04/2021,50
61,Sydney Harbour,City of Sydney,Darling Harbour,151.20069,-33.87129,03/12/2021,15
61,Sydney Harbour,City of Sydney,Darling Harbour,151.20069,-33.87129,22/12/2021,8
61,Sydney Harbour,City of Sydney,Darling Harbour,151.20069,-33.87129,27/01/2021,10
61,Sydney Harbour,City of Sydney,Darling Harbour,151.20069,-33.87129,14/01/2021,72
61,Sydney Harbour,City of Sydney,Darling Harbour,151.20069,-33.87129,15/12/2021,60
61,Sydney Harbour,City of Sydney,Darling Harbour,151.20069,-33.87129,29/12/2021,84
61,Sydney Harbour,City of Sydney,Darling Harbour,151.20069,-33.87129,08/02/2021,0
61,Sydney Harbour,City of Sydney,Darling Harbour,151.20069,-33.87129,18/01/2021,1
61,Sydney Harbour,City of Sydney,Darling Harbour,151.20069,-33.87129,12/02/2021,4
61,Sydney Harbour,City of Sydney,Darling Harbour,151.20069,-33.87129,18/02/2021,41
61,Sydney Harbour,City of Sydney,Darling Harbour,151.20069,-33.87129,02/03/2021,1
61,Sydney Harbour,City of Sydney,Darling Harbour,151.20069,-33.87129,08/03/2021,2
61,Sydney Harbour,City of Sydney,Darling Harbour,151.20069,-33.87129,24/03/2021,120
61,Sydney Harbour,City of Sydney,Darling Harbour,151.20069,-33.87129,19/03/2021,4600
61,Sydney Harbour,City of Sydney,Darling Harbour,151.20069,-33.87129,25/02/2021,220
61,Sydney Harbour,City of Sydney,Darling Harbour,151.20069,-33.87129,02/02/2021,39
61,Sydney Harbour,City of Sydney,Darling Harbour,151.20069,-33.87129,14/04/2021,75
61,Sydney Harbour,City of Sydney,Darling Harbour,151.20069,-33.87129,12/03/2021,16
61,Sydney Harbour,City of Sydney,Darling Harbour,151.20069,-33.87129,31/03/2021,220
61,Sydney Harbour,City of Sydney,Darling Harbour,151.20069,-33.87129,08/04/2021,150
88,Sydney Harbour,Garigal National Park,Davidson Reserve,151.200314,-33.768008,08/04/2021,120
88,Sydney Harbour,Garigal National Park,Davidson Reserve,151.200314,-33.768008,20/04/2021,4
88,Sydney Harbour,Garigal National Park,Davidson Reserve,151.200314,-33.768008,31/03/2021,35
88,Sydney Harbour,Garigal National Park,Davidson Reserve,151.200314,-33.768008,24/03/2021,190
88,Sydney Harbour,Garigal National Park,Davidson Reserve,151.200314,-33.768008,14/04/2021,22
88,Sydney Harbour,Garigal National Park,Davidson Reserve,151.200314,-33.768008,19/03/2021,5000
88,Sydney Harbour,Garigal National Park,Davidson Reserve,151.200314,-33.768008,18/02/2021,4
88,Sydney Harbour,Garigal National Park,Davidson Reserve,151.200314,-33.768008,08/02/2021,1
88,Sydney Harbour,Garigal National Park,Davidson Reserve,151.200314,-33.768008,25/02/2021,72
88,Sydney Harbour,Garigal National Park,Davidson Reserve,151.200314,-33.768008,29/12/2021,450
88,Sydney Harbour,Garigal National Park,Davidson Reserve,151.200314,-33.768008,18/01/2021,0
88,Sydney Harbour,Garigal National Park,Davidson Reserve,151.200314,-33.768008,27/01/2021,0
88,Sydney Harbour,Garigal National Park,Davidson Reserve,151.200314,-33.768008,09/12/2021,240
88,Sydney Harbour,Garigal National Park,Davidson Reserve,151.200314,-33.768008,15/12/2021,0
88,Sydney Harbour,Garigal National Park,Davidson Reserve,151.200314,-33.768008,08/03/2021,1
88,Sydney Harbour,Garigal National Park,Davidson Reserve,151.200314,-33.768008,12/03/2021,5
88,Sydney Harbour,Garigal National Park,Davidson Reserve,151.200314,-33.768008,02/03/2021,13
88,Sydney Harbour,Garigal National Park,Davidson Reserve,151.200314,-33.768008,02/02/2021,220
88,Sydney Harbour,Garigal National Park,Davidson Reserve,151.200314,-33.768008,12/02/2021,4
88,Sydney Harbour,Garigal National Park,Davidson Reserve,151.200314,-33.768008,14/01/2021,140
88,Sydney Harbour,Garigal National Park,Davidson Reserve,151.200314,-33.768008,22/12/2021,4
88,Sydney Harbour,Garigal National Park,Davidson Reserve,151.200314,-33.768008,16/11/2021,6
88,Sydney Harbour,Garigal National Park,Davidson Reserve,151.200314,-33.768008,22/11/2021,140
88,Sydney Harbour,Garigal National Park,Davidson Reserve,151.200314,-33.768008,04/11/2021,6
88,Sydney Harbour,Garigal National Park,Davidson Reserve,151.200314,-33.768008,03/12/2021,9
88,Sydney Harbour,Garigal National Park,Davidson Reserve,151.200314,-33.768008,29/10/2021,10
88,Sydney Harbour,Garigal National Park,Davidson Reserve,151.200314,-33.768008,26/11/2021,6700
88,Sydney Harbour,Garigal National Park,Davidson Reserve,151.200314,-33.768008,14/10/2021,95
88,Sydney Harbour,Garigal National Park,Davidson Reserve,151.200314,-33.768008,20/10/2021,3
88,Sydney Harbour,Garigal National Park,Davidson Reserve,151.200314,-33.768008,26/10/2021,3
88,Sydney Harbour,Garigal National Park,Davidson Reserve,151.200314,-33.768008,08/10/2021,7
88,Sydney Harbour,Garigal National Park,Davidson Reserve,151.200314,-33.768008,25/08/2021,38
88,Sydney Harbour,Garigal National Park,Davidson Reserve,151.200314,-33.768008,09/06/2021,20
88,Sydney Harbour,Garigal National Park,Davidson Reserve,151.200314,-33.768008,10/11/2021,9
88,Sydney Harbour,Garigal National Park,Davidson Reserve,151.200314,-33.768008,13/07/2021,33
88,Sydney Harbour,Garigal National Park,Davidson Reserve,151.200314,-33.768008,26/04/2021,5
88,Sydney Harbour,Garigal National Park,Davidson Reserve,151.200314,-33.768008,13/05/2021,22
88,Sydney Harbour,Garigal National Park,Davidson Reserve,151.200314,-33.768008,23/09/2021,0
82,Sydney Harbour,Hunters Hill Municipal Council,Woolwich Baths,151.169399,-33.838906,08/10/2021,45
82,Sydney Harbour,Hunters Hill Municipal Council,Woolwich Baths,151.169399,-33.838906,26/10/2021,4
82,Sydney Harbour,Hunters Hill Municipal Council,Woolwich Baths,151.169399,-33.838906,29/10/2021,23
82,Sydney Harbour,Hunters Hill Municipal Council,Woolwich Baths,151.169399,-33.838906,26/11/2021,82
82,Sydney Harbour,Hunters Hill Municipal Council,Woolwich Baths,151.169399,-33.838906,26/08/2021,88
82,Sydney Harbour,Hunters Hill Municipal Council,Woolwich Baths,151.169399,-33.838906,14/10/2021,34
82,Sydney Harbour,Hunters Hill Municipal Council,Woolwich Baths,151.169399,-33.838906,13/07/2021,3
82,Sydney Harbour,Hunters Hill Municipal Council,Woolwich Baths,151.169399,-33.838906,04/11/2021,3
82,Sydney Harbour,Hunters Hill Municipal Council,Woolwich Baths,151.169399,-33.838906,10/11/2021,8
82,Sydney Harbour,Hunters Hill Municipal Council,Woolwich Baths,151.169399,-33.838906,13/05/2021,2
82,Sydney Harbour,Hunters Hill Municipal Council,Woolwich Baths,151.169399,-33.838906,09/06/2021,8
82,Sydney Harbour,Hunters Hill Municipal Council,Woolwich Baths,151.169399,-33.838906,20/09/2021,42
82,Sydney Harbour,Hunters Hill Municipal Council,Woolwich Baths,151.169399,-33.838906,16/11/2021,0
82,Sydney Harbour,Hunters Hill Municipal Council,Woolwich Baths,151.169399,-33.838906,22/11/2021,22
82,Sydney Harbour,Hunters Hill Municipal Council,Woolwich Baths,151.169399,-33.838906,26/04/2021,11
82,Sydney Harbour,Hunters Hill Municipal Council,Woolwich Baths,151.169399,-33.838906,20/10/2021,4
82,Sydney Harbour,Hunters Hill Municipal Council,Woolwich Baths,151.169399,-33.838906,15/12/2021,3
82,Sydney Harbour,Hunters Hill Municipal Council,Woolwich Baths,151.169399,-33.838906,03/12/2021,5
82,Sydney Harbour,Hunters Hill Municipal Council,Woolwich Baths,151.169399,-33.838906,29/12/2021,10
82,Sydney Harbour,Hunters Hill Municipal Council,Woolwich Baths,151.169399,-33.838906,02/02/2021,96
82,Sydney Harbour,Hunters Hill Municipal Council,Woolwich Baths,151.169399,-33.838906,22/12/2021,7
82,Sydney Harbour,Hunters Hill Municipal Council,Woolwich Baths,151.169399,-33.838906,18/01/2021,1
82,Sydney Harbour,Hunters Hill Municipal Council,Woolwich Baths,151.169399,-33.838906,09/12/2021,16
82,Sydney Harbour,Hunters Hill Municipal Council,Woolwich Baths,151.169399,-33.838906,14/01/2021,15
82,Sydney Harbour,Hunters Hill Municipal Council,Woolwich Baths,151.169399,-33.838906,27/01/2021,26
82,Sydney Harbour,Hunters Hill Municipal Council,Woolwich Baths,151.169399,-33.838906,08/02/2021,5
82,Sydney Harbour,Hunters Hill Municipal Council,Woolwich Baths,151.169399,-33.838906,25/02/2021,150
82,Sydney Harbour,Hunters Hill Municipal Council,Woolwich Baths,151.169399,-33.838906,19/03/2021,3400
82,Sydney Harbour,Hunters Hill Municipal Council,Woolwich Baths,151.169399,-33.838906,12/02/2021,
82,Sydney Harbour,Hunters Hill Municipal Council,Woolwich Baths,151.169399,-33.838906,24/03/2021,340
82,Sydney Harbour,Hunters Hill Municipal Council,Woolwich Baths,151.169399,-33.838906,08/03/2021,3
82,Sydney Harbour,Hunters Hill Municipal Council,Woolwich Baths,151.169399,-33.838906,12/03/2021,7
82,Sydney Harbour,Hunters Hill Municipal Council,Woolwich Baths,151.169399,-33.838906,18/02/2021,170
82,Sydney Harbour,Hunters Hill Municipal Council,Woolwich Baths,151.169399,-33.838906,02/03/2021,2
82,Sydney Harbour,Hunters Hill Municipal Council,Woolwich Baths,151.169399,-33.838906,14/04/2021,5
82,Sydney Harbour,Hunters Hill Municipal Council,Woolwich Baths,151.169399,-33.838906,08/04/2021,57
82,Sydney Harbour,Hunters Hill Municipal Council,Woolwich Baths,151.169399,-33.838906,20/04/2021,5
82,Sydney Harbour,Hunters Hill Municipal Council,Woolwich Baths,151.169399,-33.838906,31/03/2021,8
74.8,Sydney Harbour,Inner West Council,Callan Park Seawall,151.159306,-33.862333,08/04/2021,69
74.8,Sydney Harbour,Inner West Council,Callan Park Seawall,151.159306,-33.862333,14/04/2021,5
74.8,Sydney Harbour,Inner West Council,Callan Park Seawall,151.159306,-33.862333,24/03/2021,86
74.8,Sydney Harbour,Inner West Council,Callan Park Seawall,151.159306,-33.862333,19/03/2021,13000
74.8,Sydney Harbour,Inner West Council,Callan Park Seawall,151.159306,-33.862333,18/02/2021,150
74.8,Sydney Harbour,Inner West Council,Callan Park Seawall,151.159306,-33.862333,02/02/2021,14
74.8,Sydney Harbour,Inner West Council,Callan Park Seawall,151.159306,-33.862333,08/02/2021,2
74.8,Sydney Harbour,Inner West Council,Callan Park Seawall,151.159306,-33.862333,25/02/2021,22
74.8,Sydney Harbour,Inner West Council,Callan Park Seawall,151.159306,-33.862333,14/01/2021,27
74.8,Sydney Harbour,Inner West Council,Callan Park Seawall,151.159306,-33.862333,31/03/2021,97
74.8,Sydney Harbour,Inner West Council,Callan Park Seawall,151.159306,-33.862333,08/03/2021,0
74.8,Sydney Harbour,Inner West Council,Callan Park Seawall,151.159306,-33.862333,02/03/2021,1
74.8,Sydney Harbour,Inner West Council,Callan Park Seawall,151.159306,-33.862333,12/03/2021,0
74.8,Sydney Harbour,Inner West Council,Callan Park Seawall,151.159306,-33.862333,12/02/2021,2
74.8,Sydney Harbour,Inner West Council,Callan Park Seawall,151.159306,-33.862333,18/01/2021,0
74.8,Sydney Harbour,Inner West Council,Callan Park Seawall,151.159306,-33.862333,27/01/2021,2
74.8,Sydney Harbour,Inner West Council,Callan Park Seawall,151.159306,-33.862333,29/12/2021,16
74.8,Sydney Harbour,Inner West Council,Callan Park Seawall,151.159306,-33.862333,15/12/2021,2
74.8,Sydney Harbour,Inner West Council,Callan Park Seawall,151.159306,-33.862333,03/12/2021,30
74.8,Sydney Harbour,Inner West Council,Callan Park Seawall,151.159306,-33.862333,09/12/2021,150
74.8,Sydney Harbour,Inner West Council,Callan Park Seawall,151.159306,-33.862333,22/12/2021,2
74.8,Sydney Harbour,Inner West Council,Callan Park Seawall,151.159306,-33.862333,20/04/2021,5
74.8,Sydney Harbour,Inner West Council,Callan Park Seawall,151.159306,-33.862333,22/11/2021,43
74.8,Sydney Harbour,Inner West Council,Callan Park Seawall,151.159306,-33.862333,04/11/2021,59
74.8,Sydney Harbour,Inner West Council,Callan Park Seawall,151.159306,-33.862333,16/11/2021,1
74.8,Sydney Harbour,Inner West Council,Callan Park Seawall,151.159306,-33.862333,14/10/2021,6
74.8,Sydney Harbour,Inner West Council,Callan Park Seawall,151.159306,-33.862333,20/10/2021,2
74.8,Sydney Harbour,Inner West Council,Callan Park Seawall,151.159306,-33.862333,26/08/2021,96
74.8,Sydney Harbour,Inner West Council,Callan Park Seawall,151.159306,-33.862333,26/11/2021,850
74.8,Sydney Harbour,Inner West Council,Callan Park Seawall,151.159306,-33.862333,29/10/2021,16
74.8,Sydney Harbour,Inner West Council,Callan Park Seawall,151.159306,-33.862333,09/06/2021,200
74.8,Sydney Harbour,Inner West Council,Callan Park Seawall,151.159306,-33.862333,10/11/2021,3
74.8,Sydney Harbour,Inner West Council,Callan Park Seawall,151.159306,-33.862333,26/04/2021,23
74.8,Sydney Harbour,Inner West Council,Callan Park Seawall,151.159306,-33.862333,13/05/2021,
74.8,Sydney Harbour,Inner West Council,Callan Park Seawall,151.159306,-33.862333,13/07/2021,8
77,Sydney Harbour,Inner West Council,Dawn Fraser Pool,151.17306,-33.85315,13/07/2021,1
77,Sydney Harbour,Inner West Council,Dawn Fraser Pool,151.17306,-33.85315,26/04/2021,0
77,Sydney Harbour,Inner West Council,Dawn Fraser Pool,151.17306,-33.85315,20/09/2021,6
77,Sydney Harbour,Inner West Council,Dawn Fraser Pool,151.17306,-33.85315,10/11/2021,4
77,Sydney Harbour,Inner West Council,Dawn Fraser Pool,151.17306,-33.85315,04/11/2021,2
77,Sydney Harbour,Inner West Council,Dawn Fraser Pool,151.17306,-33.85315,09/06/2021,8
77,Sydney Harbour,Inner West Council,Dawn Fraser Pool,151.17306,-33.85315,08/10/2021,3
77,Sydney Harbour,Inner West Council,Dawn Fraser Pool,151.17306,-33.85315,29/10/2021,3
77,Sydney Harbour,Inner West Council,Dawn Fraser Pool,151.17306,-33.85315,26/10/2021,4
77,Sydney Harbour,Inner West Council,Dawn Fraser Pool,151.17306,-33.85315,20/10/2021,0
77,Sydney Harbour,Inner West Council,Dawn Fraser Pool,151.17306,-33.85315,26/11/2021,320
77,Sydney Harbour,Inner West Council,Dawn Fraser Pool,151.17306,-33.85315,20/04/2021,1
77,Sydney Harbour,Inner West Council,Dawn Fraser Pool,151.17306,-33.85315,13/05/2021,0
77,Sydney Harbour,Inner West Council,Dawn Fraser Pool,151.17306,-33.85315,22/11/2021,10
77,Sydney Harbour,Inner West Council,Dawn Fraser Pool,151.17306,-33.85315,03/12/2021,0
77,Sydney Harbour,Inner West Council,Dawn Fraser Pool,151.17306,-33.85315,26/08/2021,88
77,Sydney Harbour,Inner West Council,Dawn Fraser Pool,151.17306,-33.85315,14/10/2021,6
77,Sydney Harbour,Inner West Council,Dawn Fraser Pool,151.17306,-33.85315,16/11/2021,0
77,Sydney Harbour,Inner West Council,Dawn Fraser Pool,151.17306,-33.85315,14/01/2021,20
77,Sydney Harbour,Inner West Council,Dawn Fraser Pool,151.17306,-33.85315,29/12/2021,23
77,Sydney Harbour,Inner West Council,Dawn Fraser Pool,151.17306,-33.85315,18/02/2021,27
77,Sydney Harbour,Inner West Council,Dawn Fraser Pool,151.17306,-33.85315,12/02/2021,0
77,Sydney Harbour,Inner West Council,Dawn Fraser Pool,151.17306,-33.85315,02/02/2021,24
77,Sydney Harbour,Inner West Council,Dawn Fraser Pool,151.17306,-33.85315,08/03/2021,2
77,Sydney Harbour,Inner West Council,Dawn Fraser Pool,151.17306,-33.85315,02/03/2021,1
77,Sydney Harbour,Inner West Council,Dawn Fraser Pool,151.17306,-33.85315,12/03/2021,0
77,Sydney Harbour,Inner West Council,Dawn Fraser Pool,151.17306,-33.85315,19/03/2021,250
77,Sydney Harbour,Inner West Council,Dawn Fraser Pool,151.17306,-33.85315,15/12/2021,0
77,Sydney Harbour,Inner West Council,Dawn Fraser Pool,151.17306,-33.85315,09/12/2021,240
77,Sydney Harbour,Inner West Council,Dawn Fraser Pool,151.17306,-33.85315,22/12/2021,0
77,Sydney Harbour,Inner West Council,Dawn Fraser Pool,151.17306,-33.85315,18/01/2021,2
77,Sydney Harbour,Inner West Council,Dawn Fraser Pool,151.17306,-33.85315,27/01/2021,1
77,Sydney Harbour,Inner West Council,Dawn Fraser Pool,151.17306,-33.85315,25/02/2021,15
77,Sydney Harbour,Inner West Council,Dawn Fraser Pool,151.17306,-33.85315,08/02/2021,8
77,Sydney Harbour,Inner West Council,Dawn Fraser Pool,151.17306,-33.85315,31/03/2021,20
77,Sydney Harbour,Inner West Council,Dawn Fraser Pool,151.17306,-33.85315,24/03/2021,22
77,Sydney Harbour,Inner West Council,Dawn Fraser Pool,151.17306,-33.85315,14/04/2021,4
77,Sydney Harbour,Inner West Council,Dawn Fraser Pool,151.17306,-33.85315,08/04/2021,28
83,Sydney Harbour,Lane Cove Council,Greenwich Baths,151.1829,-33.84176,08/04/2021,20
83,Sydney Harbour,Lane Cove Council,Greenwich Baths,151.1829,-33.84176,24/03/2021,21
83,Sydney Harbour,Lane Cove Council,Greenwich Baths,151.1829,-33.84176,31/03/2021,6
83,Sydney Harbour,Lane Cove Council,Greenwich Baths,151.1829,-33.84176,14/04/2021,1
83,Sydney Harbour,Lane Cove Council,Greenwich Baths,151.1829,-33.84176,20/04/2021,0
83,Sydney Harbour,Lane Cove Council,Greenwich Baths,151.1829,-33.84176,18/02/2021,4
83,Sydney Harbour,Lane Cove Council,Greenwich Baths,151.1829,-33.84176,12/03/2021,1
83,Sydney Harbour,Lane Cove Council,Greenwich Baths,151.1829,-33.84176,02/03/2021,15
83,Sydney Harbour,Lane Cove Council,Greenwich Baths,151.1829,-33.84176,27/01/2021,0
83,Sydney Harbour,Lane Cove Council,Greenwich Baths,151.1829,-33.84176,02/02/2021,15
83,Sydney Harbour,Lane Cove Council,Greenwich Baths,151.1829,-33.84176,29/12/2021,6
83,Sydney Harbour,Lane Cove Council,Greenwich Baths,151.1829,-33.84176,15/12/2021,1
83,Sydney Harbour,Lane Cove Council,Greenwich Baths,151.1829,-33.84176,09/12/2021,23
83,Sydney Harbour,Lane Cove Council,Greenwich Baths,151.1829,-33.84176,19/03/2021,150
83,Sydney Harbour,Lane Cove Council,Greenwich Baths,151.1829,-33.84176,08/03/2021,0
83,Sydney Harbour,Lane Cove Council,Greenwich Baths,151.1829,-33.84176,25/02/2021,280
83,Sydney Harbour,Lane Cove Council,Greenwich Baths,151.1829,-33.84176,08/02/2021,5
83,Sydney Harbour,Lane Cove Council,Greenwich Baths,151.1829,-33.84176,22/12/2021,2
83,Sydney Harbour,Lane Cove Council,Greenwich Baths,151.1829,-33.84176,14/01/2021,29
83,Sydney Harbour,Lane Cove Council,Greenwich Baths,151.1829,-33.84176,12/02/2021,4
83,Sydney Harbour,Lane Cove Council,Greenwich Baths,151.1829,-33.84176,18/01/2021,0
83,Sydney Harbour,Lane Cove Council,Greenwich Baths,151.1829,-33.84176,16/11/2021,0
83,Sydney Harbour,Lane Cove Council,Greenwich Baths,151.1829,-33.84176,22/11/2021,13
83,Sydney Harbour,Lane Cove Council,Greenwich Baths,151.1829,-33.84176,04/11/2021,0
83,Sydney Harbour,Lane Cove Council,Greenwich Baths,151.1829,-33.84176,26/11/2021,250
83,Sydney Harbour,Lane Cove Council,Greenwich Baths,151.1829,-33.84176,14/10/2021,8
83,Sydney Harbour,Lane Cove Council,Greenwich Baths,151.1829,-33.84176,26/08/2021,96
83,Sydney Harbour,Lane Cove Council,Greenwich Baths,151.1829,-33.84176,26/10/2021,4
83,Sydney Harbour,Lane Cove Council,Greenwich Baths,151.1829,-33.84176,08/10/2021,3
83,Sydney Harbour,Lane Cove Council,Greenwich Baths,151.1829,-33.84176,10/11/2021,9
83,Sydney Harbour,Lane Cove Council,Greenwich Baths,151.1829,-33.84176,20/09/2021,58
83,Sydney Harbour,Lane Cove Council,Greenwich Baths,151.1829,-33.84176,13/07/2021,2
83,Sydney Harbour,Lane Cove Council,Greenwich Baths,151.1829,-33.84176,03/12/2021,5
83,Sydney Harbour,Lane Cove Council,Greenwich Baths,151.1829,-33.84176,26/04/2021,0
83,Sydney Harbour,Lane Cove Council,Greenwich Baths,151.1829,-33.84176,13/05/2021,4
83,Sydney Harbour,Lane Cove Council,Greenwich Baths,151.1829,-33.84176,29/10/2021,0
83,Sydney Harbour,Lane Cove Council,Greenwich Baths,151.1829,-33.84176,20/10/2021,37
83,Sydney Harbour,Lane Cove Council,Greenwich Baths,151.1829,-33.84176,09/06/2021,6
81,Sydney Harbour,Lane Cove Council,Tambourine Bay,151.16154,-33.828016,09/06/2021,33
81,Sydney Harbour,Lane Cove Council,Tambourine Bay,151.16154,-33.828016,08/10/2021,8
81,Sydney Harbour,Lane Cove Council,Tambourine Bay,151.16154,-33.828016,20/10/2021,4
81,Sydney Harbour,Lane Cove Council,Tambourine Bay,151.16154,-33.828016,26/10/2021,3
81,Sydney Harbour,Lane Cove Council,Tambourine Bay,151.16154,-33.828016,26/04/2021,4
81,Sydney Harbour,Lane Cove Council,Tambourine Bay,151.16154,-33.828016,13/05/2021,22
81,Sydney Harbour,Lane Cove Council,Tambourine Bay,151.16154,-33.828016,26/11/2021,850
81,Sydney Harbour,Lane Cove Council,Tambourine Bay,151.16154,-33.828016,29/10/2021,4
81,Sydney Harbour,Lane Cove Council,Tambourine Bay,151.16154,-33.828016,13/07/2021,4
81,Sydney Harbour,Lane Cove Council,Tambourine Bay,151.16154,-33.828016,26/08/2021,120
81,Sydney Harbour,Lane Cove Council,Tambourine Bay,151.16154,-33.828016,20/09/2021,15
81,Sydney Harbour,Lane Cove Council,Tambourine Bay,151.16154,-33.828016,14/10/2021,46
81,Sydney Harbour,Lane Cove Council,Tambourine Bay,151.16154,-33.828016,04/11/2021,16
81,Sydney Harbour,Lane Cove Council,Tambourine Bay,151.16154,-33.828016,10/11/2021,9
81,Sydney Harbour,Lane Cove Council,Tambourine Bay,151.16154,-33.828016,03/12/2021,40
81,Sydney Harbour,Lane Cove Council,Tambourine Bay,151.16154,-33.828016,16/11/2021,0
81,Sydney Harbour,Lane Cove Council,Tambourine Bay,151.16154,-33.828016,22/11/2021,72
81,Sydney Harbour,Lane Cove Council,Tambourine Bay,151.16154,-33.828016,29/12/2021,31
81,Sydney Harbour,Lane Cove Council,Tambourine Bay,151.16154,-33.828016,02/02/2021,280
81,Sydney Harbour,Lane Cove Council,Tambourine Bay,151.16154,-33.828016,22/12/2021,5
81,Sydney Harbour,Lane Cove Council,Tambourine Bay,151.16154,-33.828016,14/01/2021,130
81,Sydney Harbour,Lane Cove Council,Tambourine Bay,151.16154,-33.828016,08/02/2021,5
81,Sydney Harbour,Lane Cove Council,Tambourine Bay,151.16154,-33.828016,25/02/2021,490
81,Sydney Harbour,Lane Cove Council,Tambourine Bay,151.16154,-33.828016,08/03/2021,4
81,Sydney Harbour,Lane Cove Council,Tambourine Bay,151.16154,-33.828016,09/12/2021,250
81,Sydney Harbour,Lane Cove Council,Tambourine Bay,151.16154,-33.828016,15/12/2021,1
81,Sydney Harbour,Lane Cove Council,Tambourine Bay,151.16154,-33.828016,27/01/2021,10
81,Sydney Harbour,Lane Cove Council,Tambourine Bay,151.16154,-33.828016,18/01/2021,7
81,Sydney Harbour,Lane Cove Council,Tambourine Bay,151.16154,-33.828016,12/02/2021,30
81,Sydney Harbour,Lane Cove Council,Tambourine Bay,151.16154,-33.828016,02/03/2021,9
81,Sydney Harbour,Lane Cove Council,Tambourine Bay,151.16154,-33.828016,12/03/2021,14
81,Sydney Harbour,Lane Cove Council,Tambourine Bay,151.16154,-33.828016,24/03/2021,270
81,Sydney Harbour,Lane Cove Council,Tambourine Bay,151.16154,-33.828016,18/02/2021,4
81,Sydney Harbour,Lane Cove Council,Tambourine Bay,151.16154,-33.828016,20/04/2021,0
81,Sydney Harbour,Lane Cove Council,Tambourine Bay,151.16154,-33.828016,14/04/2021,5
81,Sydney Harbour,Lane Cove Council,Tambourine Bay,151.16154,-33.828016,08/04/2021,42
81,Sydney Harbour,Lane Cove Council,Tambourine Bay,151.16154,-33.828016,19/03/2021,4100
81,Sydney Harbour,Lane Cove Council,Tambourine Bay,151.16154,-33.828016,31/03/2021,22
80,Sydney Harbour,Lane Cove Council,Woodford Bay,151.17254,-33.831968,20/04/2021,0
80,Sydney Harbour,Lane Cove Council,Woodford Bay,151.17254,-33.831968,08/03/2021,10
80,Sydney Harbour,Lane Cove Council,Woodford Bay,151.17254,-33.831968,08/04/2021,15
80,Sydney Harbour,Lane Cove Council,Woodford Bay,151.17254,-33.831968,14/04/2021,4
80,Sydney Harbour,Lane Cove Council,Woodford Bay,151.17254,-33.831968,24/03/2021,300
80,Sydney Harbour,Lane Cove Council,Woodford Bay,151.17254,-33.831968,12/02/2021,
80,Sydney Harbour,Lane Cove Council,Woodford Bay,151.17254,-33.831968,12/03/2021,10
80,Sydney Harbour,Lane Cove Council,Woodford Bay,151.17254,-33.831968,02/03/2021,2
80,Sydney Harbour,Lane Cove Council,Woodford Bay,151.17254,-33.831968,14/01/2021,36
80,Sydney Harbour,Lane Cove Council,Woodford Bay,151.17254,-33.831968,31/03/2021,14
80,Sydney Harbour,Lane Cove Council,Woodford Bay,151.17254,-33.831968,19/03/2021,360
80,Sydney Harbour,Lane Cove Council,Woodford Bay,151.17254,-33.831968,18/02/2021,10
80,Sydney Harbour,Lane Cove Council,Woodford Bay,151.17254,-33.831968,25/02/2021,18
80,Sydney Harbour,Lane Cove Council,Woodford Bay,151.17254,-33.831968,08/02/2021,5
80,Sydney Harbour,Lane Cove Council,Woodford Bay,151.17254,-33.831968,22/12/2021,2
80,Sydney Harbour,Lane Cove Council,Woodford Bay,151.17254,-33.831968,27/01/2021,6
80,Sydney Harbour,Lane Cove Council,Woodford Bay,151.17254,-33.831968,02/02/2021,54
80,Sydney Harbour,Lane Cove Council,Woodford Bay,151.17254,-33.831968,09/12/2021,13
80,Sydney Harbour,Lane Cove Council,Woodford Bay,151.17254,-33.831968,15/12/2021,4
80,Sydney Harbour,Lane Cove Council,Woodford Bay,151.17254,-33.831968,29/12/2021,100
80,Sydney Harbour,Lane Cove Council,Woodford Bay,151.17254,-33.831968,18/01/2021,0
80,Sydney Harbour,Lane Cove Council,Woodford Bay,151.17254,-33.831968,03/12/2021,8
80,Sydney Harbour,Lane Cove Council,Woodford Bay,151.17254,-33.831968,14/10/2021,11
80,Sydney Harbour,Lane Cove Council,Woodford Bay,151.17254,-33.831968,04/11/2021,4
80,Sydney Harbour,Lane Cove Council,Woodford Bay,151.17254,-33.831968,22/11/2021,35
80,Sydney Harbour,Lane Cove Council,Woodford Bay,151.17254,-33.831968,16/11/2021,12
80,Sydney Harbour,Lane Cove Council,Woodford Bay,151.17254,-33.831968,10/11/2021,10
80,Sydney Harbour,Lane Cove Council,Woodford Bay,151.17254,-33.831968,26/08/2021,68
80,Sydney Harbour,Lane Cove Council,Woodford Bay,151.17254,-33.831968,20/09/2021,10
80,Sydney Harbour,Lane Cove Council,Woodford Bay,151.17254,-33.831968,13/07/2021,2
80,Sydney Harbour,Lane Cove Council,Woodford Bay,151.17254,-33.831968,26/11/2021,80
80,Sydney Harbour,Lane Cove Council,Woodford Bay,151.17254,-33.831968,13/05/2021,2
80,Sydney Harbour,Lane Cove Council,Woodford Bay,151.17254,-33.831968,26/04/2021,12
80,Sydney Harbour,Lane Cove Council,Woodford Bay,151.17254,-33.831968,29/10/2021,11
80,Sydney Harbour,Lane Cove Council,Woodford Bay,151.17254,-33.831968,26/10/2021,31
80,Sydney Harbour,Lane Cove Council,Woodford Bay,151.17254,-33.831968,20/10/2021,0
80,Sydney Harbour,Lane Cove Council,Woodford Bay,151.17254,-33.831968,08/10/2021,20
80,Sydney Harbour,Lane Cove Council,Woodford Bay,151.17254,-33.831968,09/06/2021,6
52.1,Sydney Harbour,Mosman Council,Balmoral Baths,151.25332,-33.82682,26/08/2021,8
52.1,Sydney Harbour,Mosman Council,Balmoral Baths,151.25332,-33.82682,20/10/2021,2
52.1,Sydney Harbour,Mosman Council,Balmoral Baths,151.25332,-33.82682,03/12/2021,0
52.1,Sydney Harbour,Mosman Council,Balmoral Baths,151.25332,-33.82682,04/11/2021,3
52.1,Sydney Harbour,Mosman Council,Balmoral Baths,151.25332,-33.82682,22/11/2021,7
52.1,Sydney Harbour,Mosman Council,Balmoral Baths,151.25332,-33.82682,16/11/2021,4
52.1,Sydney Harbour,Mosman Council,Balmoral Baths,151.25332,-33.82682,29/10/2021,2
52.1,Sydney Harbour,Mosman Council,Balmoral Baths,151.25332,-33.82682,26/04/2021,2
52.1,Sydney Harbour,Mosman Council,Balmoral Baths,151.25332,-33.82682,26/11/2021,63
52.1,Sydney Harbour,Mosman Council,Balmoral Baths,151.25332,-33.82682,14/10/2021,12
52.1,Sydney Harbour,Mosman Council,Balmoral Baths,151.25332,-33.82682,08/10/2021,3
52.1,Sydney Harbour,Mosman Council,Balmoral Baths,151.25332,-33.82682,13/05/2021,2
52.1,Sydney Harbour,Mosman Council,Balmoral Baths,151.25332,-33.82682,13/07/2021,5
52.1,Sydney Harbour,Mosman Council,Balmoral Baths,151.25332,-33.82682,09/06/2021,12
52.1,Sydney Harbour,Mosman Council,Balmoral Baths,151.25332,-33.82682,09/12/2021,19
52.1,Sydney Harbour,Mosman Council,Balmoral Baths,151.25332,-33.82682,10/11/2021,7
52.1,Sydney Harbour,Mosman Council,Balmoral Baths,151.25332,-33.82682,26/10/2021,22
52.1,Sydney Harbour,Mosman Council,Balmoral Baths,151.25332,-33.82682,22/12/2021,1
52.1,Sydney Harbour,Mosman Council,Balmoral Baths,151.25332,-33.82682,27/01/2021,17
52.1,Sydney Harbour,Mosman Council,Balmoral Baths,151.25332,-33.82682,18/01/2021,0
52.1,Sydney Harbour,Mosman Council,Balmoral Baths,151.25332,-33.82682,14/01/2021,0
52.1,Sydney Harbour,Mosman Council,Balmoral Baths,151.25332,-33.82682,02/02/2021,32
52.1,Sydney Harbour,Mosman Council,Balmoral Baths,151.25332,-33.82682,08/02/2021,10
52.1,Sydney Harbour,Mosman Council,Balmoral Baths,151.25332,-33.82682,15/12/2021,0
52.1,Sydney Harbour,Mosman Council,Balmoral Baths,151.25332,-33.82682,29/12/2021,40
52.1,Sydney Harbour,Mosman Council,Balmoral Baths,151.25332,-33.82682,18/02/2021,5
52.1,Sydney Harbour,Mosman Council,Balmoral Baths,151.25332,-33.82682,12/02/2021,4
52.1,Sydney Harbour,Mosman Council,Balmoral Baths,151.25332,-33.82682,08/03/2021,0
52.1,Sydney Harbour,Mosman Council,Balmoral Baths,151.25332,-33.82682,25/02/2021,72
52.1,Sydney Harbour,Mosman Council,Balmoral Baths,151.25332,-33.82682,12/03/2021,14
52.1,Sydney Harbour,Mosman Council,Balmoral Baths,151.25332,-33.82682,08/04/2021,78
52.1,Sydney Harbour,Mosman Council,Balmoral Baths,151.25332,-33.82682,02/03/2021,1
52.1,Sydney Harbour,Mosman Council,Balmoral Baths,151.25332,-33.82682,14/04/2021,5
52.1,Sydney Harbour,Mosman Council,Balmoral Baths,151.25332,-33.82682,19/03/2021,170
52.1,Sydney Harbour,Mosman Council,Balmoral Baths,151.25332,-33.82682,24/03/2021,14
52.1,Sydney Harbour,Mosman Council,Balmoral Baths,151.25332,-33.82682,31/03/2021,6
52.1,Sydney Harbour,Mosman Council,Balmoral Baths,151.25332,-33.82682,20/04/2021,0
50,Sydney Harbour,Mosman Council,Chinamans Beach,151.24913,-33.81477,14/04/2021,6
50,Sydney Harbour,Mosman Council,Chinamans Beach,151.24913,-33.81477,08/04/2021,38
50,Sydney Harbour,Mosman Council,Chinamans Beach,151.24913,-33.81477,31/03/2021,3
50,Sydney Harbour,Mosman Council,Chinamans Beach,151.24913,-33.81477,24/03/2021,24
50,Sydney Harbour,Mosman Council,Chinamans Beach,151.24913,-33.81477,19/03/2021,58
50,Sydney Harbour,Mosman Council,Chinamans Beach,151.24913,-33.81477,20/04/2021,3
50,Sydney Harbour,Mosman Council,Chinamans Beach,151.24913,-33.81477,25/02/2021,4
50,Sydney Harbour,Mosman Council,Chinamans Beach,151.24913,-33.81477,18/01/2021,0
50,Sydney Harbour,Mosman Council,Chinamans Beach,151.24913,-33.81477,08/02/2021,2
50,Sydney Harbour,Mosman Council,Chinamans Beach,151.24913,-33.81477,12/03/2021,0
50,Sydney Harbour,Mosman Council,Chinamans Beach,151.24913,-33.81477,08/03/2021,0
50,Sydney Harbour,Mosman Council,Chinamans Beach,151.24913,-33.81477,02/03/2021,0
50,Sydney Harbour,Mosman Council,Chinamans Beach,151.24913,-33.81477,12/02/2021,6
50,Sydney Harbour,Mosman Council,Chinamans Beach,151.24913,-33.81477,18/02/2021,1
50,Sydney Harbour,Mosman Council,Chinamans Beach,151.24913,-33.81477,02/02/2021,31
50,Sydney Harbour,Mosman Council,Chinamans Beach,151.24913,-33.81477,29/12/2021,42
50,Sydney Harbour,Mosman Council,Chinamans Beach,151.24913,-33.81477,15/12/2021,0
50,Sydney Harbour,Mosman Council,Chinamans Beach,151.24913,-33.81477,14/01/2021,40
50,Sydney Harbour,Mosman Council,Chinamans Beach,151.24913,-33.81477,27/01/2021,1
50,Sydney Harbour,Mosman Council,Chinamans Beach,151.24913,-33.81477,22/12/2021,2
50,Sydney Harbour,Mosman Council,Chinamans Beach,151.24913,-33.81477,29/10/2021,1
50,Sydney Harbour,Mosman Council,Chinamans Beach,151.24913,-33.81477,16/11/2021,1
50,Sydney Harbour,Mosman Council,Chinamans Beach,151.24913,-33.81477,22/11/2021,27
50,Sydney Harbour,Mosman Council,Chinamans Beach,151.24913,-33.81477,09/12/2021,5
50,Sydney Harbour,Mosman Council,Chinamans Beach,151.24913,-33.81477,09/06/2021,2
50,Sydney Harbour,Mosman Council,Chinamans Beach,151.24913,-33.81477,13/05/2021,2
50,Sydney Harbour,Mosman Council,Chinamans Beach,151.24913,-33.81477,03/12/2021,0
50,Sydney Harbour,Mosman Council,Chinamans Beach,151.24913,-33.81477,20/10/2021,4
50,Sydney Harbour,Mosman Council,Chinamans Beach,151.24913,-33.81477,20/09/2021,4
50,Sydney Harbour,Mosman Council,Chinamans Beach,151.24913,-33.81477,14/10/2021,6
50,Sydney Harbour,Mosman Council,Chinamans Beach,151.24913,-33.81477,26/04/2021,0
50,Sydney Harbour,Mosman Council,Chinamans Beach,151.24913,-33.81477,26/11/2021,47
50,Sydney Harbour,Mosman Council,Chinamans Beach,151.24913,-33.81477,26/10/2021,0
50,Sydney Harbour,Mosman Council,Chinamans Beach,151.24913,-33.81477,08/10/2021,0
50,Sydney Harbour,Mosman Council,Chinamans Beach,151.24913,-33.81477,04/11/2021,0
50,Sydney Harbour,Mosman Council,Chinamans Beach,151.24913,-33.81477,10/11/2021,5
50,Sydney Harbour,Mosman Council,Chinamans Beach,151.24913,-33.81477,26/08/2021,88
50,Sydney Harbour,Mosman Council,Chinamans Beach,151.24913,-33.81477,13/07/2021,3
53,Sydney Harbour,Mosman Council,Clifton Gardens,151.25354,-33.839044,26/08/2021,64
53,Sydney Harbour,Mosman Council,Clifton Gardens,151.25354,-33.839044,20/10/2021,7
53,Sydney Harbour,Mosman Council,Clifton Gardens,151.25354,-33.839044,14/10/2021,15
53,Sydney Harbour,Mosman Council,Clifton Gardens,151.25354,-33.839044,16/11/2021,1
53,Sydney Harbour,Mosman Council,Clifton Gardens,151.25354,-33.839044,22/11/2021,27
53,Sydney Harbour,Mosman Council,Clifton Gardens,151.25354,-33.839044,03/12/2021,0
53,Sydney Harbour,Mosman Council,Clifton Gardens,151.25354,-33.839044,29/10/2021,6
53,Sydney Harbour,Mosman Council,Clifton Gardens,151.25354,-33.839044,13/05/2021,13
53,Sydney Harbour,Mosman Council,Clifton Gardens,151.25354,-33.839044,09/06/2021,1
53,Sydney Harbour,Mosman Council,Clifton Gardens,151.25354,-33.839044,13/07/2021,0
53,Sydney Harbour,Mosman Council,Clifton Gardens,151.25354,-33.839044,20/09/2021,0
53,Sydney Harbour,Mosman Council,Clifton Gardens,151.25354,-33.839044,26/10/2021,18
53,Sydney Harbour,Mosman Council,Clifton Gardens,151.25354,-33.839044,10/11/2021,13
53,Sydney Harbour,Mosman Council,Clifton Gardens,151.25354,-33.839044,08/10/2021,78
53,Sydney Harbour,Mosman Council,Clifton Gardens,151.25354,-33.839044,26/04/2021,0
53,Sydney Harbour,Mosman Council,Clifton Gardens,151.25354,-33.839044,26/11/2021,60
53,Sydney Harbour,Mosman Council,Clifton Gardens,151.25354,-33.839044,04/11/2021,20
53,Sydney Harbour,Mosman Council,Clifton Gardens,151.25354,-33.839044,14/01/2021,27
53,Sydney Harbour,Mosman Council,Clifton Gardens,151.25354,-33.839044,27/01/2021,3
53,Sydney Harbour,Mosman Council,Clifton Gardens,151.25354,-33.839044,18/01/2021,4
53,Sydney Harbour,Mosman Council,Clifton Gardens,151.25354,-33.839044,15/12/2021,0
53,Sydney Harbour,Mosman Council,Clifton Gardens,151.25354,-33.839044,12/02/2021,0
53,Sydney Harbour,Mosman Council,Clifton Gardens,151.25354,-33.839044,18/02/2021,6
53,Sydney Harbour,Mosman Council,Clifton Gardens,151.25354,-33.839044,08/03/2021,1
53,Sydney Harbour,Mosman Council,Clifton Gardens,151.25354,-33.839044,19/03/2021,160
53,Sydney Harbour,Mosman Council,Clifton Gardens,151.25354,-33.839044,02/02/2021,48
53,Sydney Harbour,Mosman Council,Clifton Gardens,151.25354,-33.839044,29/12/2021,7
53,Sydney Harbour,Mosman Council,Clifton Gardens,151.25354,-33.839044,22/12/2021,27
53,Sydney Harbour,Mosman Council,Clifton Gardens,151.25354,-33.839044,09/12/2021,1
53,Sydney Harbour,Mosman Council,Clifton Gardens,151.25354,-33.839044,24/03/2021,71
53,Sydney Harbour,Mosman Council,Clifton Gardens,151.25354,-33.839044,02/03/2021,0
53,Sydney Harbour,Mosman Council,Clifton Gardens,151.25354,-33.839044,08/02/2021,4
53,Sydney Harbour,Mosman Council,Clifton Gardens,151.25354,-33.839044,25/02/2021,6
53,Sydney Harbour,Mosman Council,Clifton Gardens,151.25354,-33.839044,12/03/2021,20
53,Sydney Harbour,Mosman Council,Clifton Gardens,151.25354,-33.839044,31/03/2021,4
53,Sydney Harbour,Mosman Council,Clifton Gardens,151.25354,-33.839044,14/04/2021,12
53,Sydney Harbour,Mosman Council,Clifton Gardens,151.25354,-33.839044,08/04/2021,59
53,Sydney Harbour,Mosman Council,Clifton Gardens,151.25354,-33.839044,20/04/2021,1
51,Sydney Harbour,Mosman Council,Edwards Beach,151.25283,-33.82138,20/04/2021,1
51,Sydney Harbour,Mosman Council,Edwards Beach,151.25283,-33.82138,14/04/2021,6
51,Sydney Harbour,Mosman Council,Edwards Beach,151.25283,-33.82138,08/04/2021,16
51,Sydney Harbour,Mosman Council,Edwards Beach,151.25283,-33.82138,31/03/2021,3
51,Sydney Harbour,Mosman Council,Edwards Beach,151.25283,-33.82138,12/03/2021,9
51,Sydney Harbour,Mosman Council,Edwards Beach,151.25283,-33.82138,25/02/2021,14
51,Sydney Harbour,Mosman Council,Edwards Beach,151.25283,-33.82138,02/03/2021,2
51,Sydney Harbour,Mosman Council,Edwards Beach,151.25283,-33.82138,24/03/2021,33
51,Sydney Harbour,Mosman Council,Edwards Beach,151.25283,-33.82138,19/03/2021,120
51,Sydney Harbour,Mosman Council,Edwards Beach,151.25283,-33.82138,22/12/2021,0
51,Sydney Harbour,Mosman Council,Edwards Beach,151.25283,-33.82138,08/02/2021,12
51,Sydney Harbour,Mosman Council,Edwards Beach,151.25283,-33.82138,08/03/2021,2
51,Sydney Harbour,Mosman Council,Edwards Beach,151.25283,-33.82138,18/02/2021,0
51,Sydney Harbour,Mosman Council,Edwards Beach,151.25283,-33.82138,12/02/2021,0
51,Sydney Harbour,Mosman Council,Edwards Beach,151.25283,-33.82138,02/02/2021,230
51,Sydney Harbour,Mosman Council,Edwards Beach,151.25283,-33.82138,15/12/2021,0
51,Sydney Harbour,Mosman Council,Edwards Beach,151.25283,-33.82138,29/12/2021,9
51,Sydney Harbour,Mosman Council,Edwards Beach,151.25283,-33.82138,27/01/2021,2
51,Sydney Harbour,Mosman Council,Edwards Beach,151.25283,-33.82138,14/01/2021,40
51,Sydney Harbour,Mosman Council,Edwards Beach,151.25283,-33.82138,18/01/2021,0
51,Sydney Harbour,Mosman Council,Edwards Beach,151.25283,-33.82138,09/12/2021,2
51,Sydney Harbour,Mosman Council,Edwards Beach,151.25283,-33.82138,26/04/2021,1
51,Sydney Harbour,Mosman Council,Edwards Beach,151.25283,-33.82138,14/10/2021,5
51,Sydney Harbour,Mosman Council,Edwards Beach,151.25283,-33.82138,20/09/2021,0
51,Sydney Harbour,Mosman Council,Edwards Beach,151.25283,-33.82138,10/11/2021,3
51,Sydney Harbour,Mosman Council,Edwards Beach,151.25283,-33.82138,26/10/2021,3
51,Sydney Harbour,Mosman Council,Edwards Beach,151.25283,-33.82138,20/10/2021,0
51,Sydney Harbour,Mosman Council,Edwards Beach,151.25283,-33.82138,13/07/2021,0
51,Sydney Harbour,Mosman Council,Edwards Beach,151.25283,-33.82138,13/05/2021,1
51,Sydney Harbour,Mosman Council,Edwards Beach,151.25283,-33.82138,09/06/2021,4
51,Sydney Harbour,Mosman Council,Edwards Beach,151.25283,-33.82138,26/11/2021,43
51,Sydney Harbour,Mosman Council,Edwards Beach,151.25283,-33.82138,29/10/2021,8
51,Sydney Harbour,Mosman Council,Edwards Beach,151.25283,-33.82138,08/10/2021,9
51,Sydney Harbour,Mosman Council,Edwards Beach,151.25283,-33.82138,03/12/2021,0
51,Sydney Harbour,Mosman Council,Edwards Beach,151.25283,-33.82138,16/11/2021,0
51,Sydney Harbour,Mosman Council,Edwards Beach,151.25283,-33.82138,22/11/2021,7
51,Sydney Harbour,Mosman Council,Edwards Beach,151.25283,-33.82138,04/11/2021,18
51,Sydney Harbour,Mosman Council,Edwards Beach,151.25283,-33.82138,26/08/2021,6
72,Sydney Harbour,North Sydney Council,Hayes Street Beach,151.219382,-33.841715,09/06/2021,9
72,Sydney Harbour,North Sydney Council,Hayes Street Beach,151.219382,-33.841715,14/10/2021,9
72,Sydney Harbour,North Sydney Council,Hayes Street Beach,151.219382,-33.841715,20/10/2021,0
72,Sydney Harbour,North Sydney Council,Hayes Street Beach,151.219382,-33.841715,16/11/2021,3
72,Sydney Harbour,North Sydney Council,Hayes Street Beach,151.219382,-33.841715,22/11/2021,59
72,Sydney Harbour,North Sydney Council,Hayes Street Beach,151.219382,-33.841715,03/12/2021,64
72,Sydney Harbour,North Sydney Council,Hayes Street Beach,151.219382,-33.841715,26/04/2021,0
72,Sydney Harbour,North Sydney Council,Hayes Street Beach,151.219382,-33.841715,13/05/2021,12
72,Sydney Harbour,North Sydney Council,Hayes Street Beach,151.219382,-33.841715,29/10/2021,5
72,Sydney Harbour,North Sydney Council,Hayes Street Beach,151.219382,-33.841715,26/08/2021,5
72,Sydney Harbour,North Sydney Council,Hayes Street Beach,151.219382,-33.841715,04/11/2021,1
72,Sydney Harbour,North Sydney Council,Hayes Street Beach,151.219382,-33.841715,08/10/2021,46
72,Sydney Harbour,North Sydney Council,Hayes Street Beach,151.219382,-33.841715,26/11/2021,220
72,Sydney Harbour,North Sydney Council,Hayes Street Beach,151.219382,-33.841715,20/09/2021,8
72,Sydney Harbour,North Sydney Council,Hayes Street Beach,151.219382,-33.841715,13/07/2021,4
72,Sydney Harbour,North Sydney Council,Hayes Street Beach,151.219382,-33.841715,09/12/2021,26
72,Sydney Harbour,North Sydney Council,Hayes Street Beach,151.219382,-33.841715,26/10/2021,0
72,Sydney Harbour,North Sydney Council,Hayes Street Beach,151.219382,-33.841715,10/11/2021,10
72,Sydney Harbour,North Sydney Council,Hayes Street Beach,151.219382,-33.841715,29/12/2021,25
72,Sydney Harbour,North Sydney Council,Hayes Street Beach,151.219382,-33.841715,15/12/2021,3
72,Sydney Harbour,North Sydney Council,Hayes Street Beach,151.219382,-33.841715,18/01/2021,1
72,Sydney Harbour,North Sydney Council,Hayes Street Beach,151.219382,-33.841715,22/12/2021,0
72,Sydney Harbour,North Sydney Council,Hayes Street Beach,151.219382,-33.841715,08/02/2021,3
72,Sydney Harbour,North Sydney Council,Hayes Street Beach,151.219382,-33.841715,27/01/2021,3
72,Sydney Harbour,North Sydney Council,Hayes Street Beach,151.219382,-33.841715,02/02/2021,110
72,Sydney Harbour,North Sydney Council,Hayes Street Beach,151.219382,-33.841715,19/03/2021,180
72,Sydney Harbour,North Sydney Council,Hayes Street Beach,151.219382,-33.841715,14/01/2021,18
72,Sydney Harbour,North Sydney Council,Hayes Street Beach,151.219382,-33.841715,31/03/2021,11
72,Sydney Harbour,North Sydney Council,Hayes Street Beach,151.219382,-33.841715,08/04/2021,20
72,Sydney Harbour,North Sydney Council,Hayes Street Beach,151.219382,-33.841715,12/03/2021,16
72,Sydney Harbour,North Sydney Council,Hayes Street Beach,151.219382,-33.841715,25/02/2021,34
72,Sydney Harbour,North Sydney Council,Hayes Street Beach,151.219382,-33.841715,18/02/2021,4
72,Sydney Harbour,North Sydney Council,Hayes Street Beach,151.219382,-33.841715,08/03/2021,2
72,Sydney Harbour,North Sydney Council,Hayes Street Beach,151.219382,-33.841715,02/03/2021,3
72,Sydney Harbour,North Sydney Council,Hayes Street Beach,151.219382,-33.841715,12/02/2021,1
72,Sydney Harbour,North Sydney Council,Hayes Street Beach,151.219382,-33.841715,14/04/2021,8
72,Sydney Harbour,North Sydney Council,Hayes Street Beach,151.219382,-33.841715,24/03/2021,15
72,Sydney Harbour,North Sydney Council,Hayes Street Beach,151.219382,-33.841715,20/04/2021,3
84,Sydney Harbour,Northern Beaches Council,Clontarf Pool,151.25172,-33.80579,14/04/2021,8
84,Sydney Harbour,Northern Beaches Council,Clontarf Pool,151.25172,-33.80579,08/04/2021,36
84,Sydney Harbour,Northern Beaches Council,Clontarf Pool,151.25172,-33.80579,20/04/2021,6
84,Sydney Harbour,Northern Beaches Council,Clontarf Pool,151.25172,-33.80579,24/03/2021,43
84,Sydney Harbour,Northern Beaches Council,Clontarf Pool,151.25172,-33.80579,31/03/2021,16
84,Sydney Harbour,Northern Beaches Council,Clontarf Pool,151.25172,-33.80579,08/03/2021,1
84,Sydney Harbour,Northern Beaches Council,Clontarf Pool,151.25172,-33.80579,12/03/2021,4
84,Sydney Harbour,Northern Beaches Council,Clontarf Pool,151.25172,-33.80579,25/02/2021,9
84,Sydney Harbour,Northern Beaches Council,Clontarf Pool,151.25172,-33.80579,18/02/2021,120
84,Sydney Harbour,Northern Beaches Council,Clontarf Pool,151.25172,-33.80579,19/03/2021,130
84,Sydney Harbour,Northern Beaches Council,Clontarf Pool,151.25172,-33.80579,09/12/2021,13
84,Sydney Harbour,Northern Beaches Council,Clontarf Pool,151.25172,-33.80579,02/02/2021,29
84,Sydney Harbour,Northern Beaches Council,Clontarf Pool,151.25172,-33.80579,29/12/2021,80
84,Sydney Harbour,Northern Beaches Council,Clontarf Pool,151.25172,-33.80579,15/12/2021,0
84,Sydney Harbour,Northern Beaches Council,Clontarf Pool,151.25172,-33.80579,08/02/2021,2
84,Sydney Harbour,Northern Beaches Council,Clontarf Pool,151.25172,-33.80579,27/01/2021,0
84,Sydney Harbour,Northern Beaches Council,Clontarf Pool,151.25172,-33.80579,02/03/2021,3
84,Sydney Harbour,Northern Beaches Council,Clontarf Pool,151.25172,-33.80579,12/02/2021,0
84,Sydney Harbour,Northern Beaches Council,Clontarf Pool,151.25172,-33.80579,03/12/2021,0
84,Sydney Harbour,Northern Beaches Council,Clontarf Pool,151.25172,-33.80579,18/01/2021,3
84,Sydney Harbour,Northern Beaches Council,Clontarf Pool,151.25172,-33.80579,14/01/2021,19
84,Sydney Harbour,Northern Beaches Council,Clontarf Pool,151.25172,-33.80579,29/10/2021,11
84,Sydney Harbour,Northern Beaches Council,Clontarf Pool,151.25172,-33.80579,04/11/2021,3
84,Sydney Harbour,Northern Beaches Council,Clontarf Pool,151.25172,-33.80579,22/12/2021,5
84,Sydney Harbour,Northern Beaches Council,Clontarf Pool,151.25172,-33.80579,08/10/2021,7
84,Sydney Harbour,Northern Beaches Council,Clontarf Pool,151.25172,-33.80579,26/08/2021,37
84,Sydney Harbour,Northern Beaches Council,Clontarf Pool,151.25172,-33.80579,26/11/2021,170
84,Sydney Harbour,Northern Beaches Council,Clontarf Pool,151.25172,-33.80579,10/11/2021,1
84,Sydney Harbour,Northern Beaches Council,Clontarf Pool,151.25172,-33.80579,26/10/2021,5
84,Sydney Harbour,Northern Beaches Council,Clontarf Pool,151.25172,-33.80579,13/07/2021,1
84,Sydney Harbour,Northern Beaches Council,Clontarf Pool,151.25172,-33.80579,16/11/2021,5
84,Sydney Harbour,Northern Beaches Council,Clontarf Pool,151.25172,-33.80579,22/11/2021,6
84,Sydney Harbour,Northern Beaches Council,Clontarf Pool,151.25172,-33.80579,20/10/2021,27
84,Sydney Harbour,Northern Beaches Council,Clontarf Pool,151.25172,-33.80579,14/10/2021,7
84,Sydney Harbour,Northern Beaches Council,Clontarf Pool,151.25172,-33.80579,09/06/2021,4
84,Sydney Harbour,Northern Beaches Council,Clontarf Pool,151.25172,-33.80579,20/09/2021,3
84,Sydney Harbour,Northern Beaches Council,Clontarf Pool,151.25172,-33.80579,13/05/2021,3
84,Sydney Harbour,Northern Beaches Council,Clontarf Pool,151.25172,-33.80579,26/04/2021,2
57,Sydney Harbour,Northern Beaches Council,Fairlight Beach,151.27481,-33.80054,29/10/2021,4
57,Sydney Harbour,Northern Beaches Council,Fairlight Beach,151.27481,-33.80054,04/11/2021,2
57,Sydney Harbour,Northern Beaches Council,Fairlight Beach,151.27481,-33.80054,16/11/2021,0
57,Sydney Harbour,Northern Beaches Council,Fairlight Beach,151.27481,-33.80054,26/04/2021,2
57,Sydney Harbour,Northern Beaches Council,Fairlight Beach,151.27481,-33.80054,22/11/2021,2
57,Sydney Harbour,Northern Beaches Council,Fairlight Beach,151.27481,-33.80054,26/10/2021,25
57,Sydney Harbour,Northern Beaches Council,Fairlight Beach,151.27481,-33.80054,26/11/2021,400
57,Sydney Harbour,Northern Beaches Council,Fairlight Beach,151.27481,-33.80054,26/08/2021,13
57,Sydney Harbour,Northern Beaches Council,Fairlight Beach,151.27481,-33.80054,20/09/2021,0
57,Sydney Harbour,Northern Beaches Council,Fairlight Beach,151.27481,-33.80054,08/10/2021,2
57,Sydney Harbour,Northern Beaches Council,Fairlight Beach,151.27481,-33.80054,14/10/2021,2
57,Sydney Harbour,Northern Beaches Council,Fairlight Beach,151.27481,-33.80054,20/10/2021,4
57,Sydney Harbour,Northern Beaches Council,Fairlight Beach,151.27481,-33.80054,13/07/2021,3
57,Sydney Harbour,Northern Beaches Council,Fairlight Beach,151.27481,-33.80054,09/06/2021,12
57,Sydney Harbour,Northern Beaches Council,Fairlight Beach,151.27481,-33.80054,13/05/2021,4
57,Sydney Harbour,Northern Beaches Council,Fairlight Beach,151.27481,-33.80054,15/12/2021,0
57,Sydney Harbour,Northern Beaches Council,Fairlight Beach,151.27481,-33.80054,10/11/2021,0
57,Sydney Harbour,Northern Beaches Council,Fairlight Beach,151.27481,-33.80054,29/12/2021,300
57,Sydney Harbour,Northern Beaches Council,Fairlight Beach,151.27481,-33.80054,14/01/2021,200
57,Sydney Harbour,Northern Beaches Council,Fairlight Beach,151.27481,-33.80054,03/12/2021,0
57,Sydney Harbour,Northern Beaches Council,Fairlight Beach,151.27481,-33.80054,09/12/2021,50
57,Sydney Harbour,Northern Beaches Council,Fairlight Beach,151.27481,-33.80054,25/02/2021,14
57,Sydney Harbour,Northern Beaches Council,Fairlight Beach,151.27481,-33.80054,18/01/2021,0
57,Sydney Harbour,Northern Beaches Council,Fairlight Beach,151.27481,-33.80054,27/01/2021,6
57,Sydney Harbour,Northern Beaches Council,Fairlight Beach,151.27481,-33.80054,08/02/2021,1
57,Sydney Harbour,Northern Beaches Council,Fairlight Beach,151.27481,-33.80054,18/02/2021,0
57,Sydney Harbour,Northern Beaches Council,Fairlight Beach,151.27481,-33.80054,22/12/2021,0
57,Sydney Harbour,Northern Beaches Council,Fairlight Beach,151.27481,-33.80054,02/02/2021,12
57,Sydney Harbour,Northern Beaches Council,Fairlight Beach,151.27481,-33.80054,19/03/2021,75
57,Sydney Harbour,Northern Beaches Council,Fairlight Beach,151.27481,-33.80054,24/03/2021,18
57,Sydney Harbour,Northern Beaches Council,Fairlight Beach,151.27481,-33.80054,12/02/2021,0
57,Sydney Harbour,Northern Beaches Council,Fairlight Beach,151.27481,-33.80054,12/03/2021,67
57,Sydney Harbour,Northern Beaches Council,Fairlight Beach,151.27481,-33.80054,02/03/2021,130
57,Sydney Harbour,Northern Beaches Council,Fairlight Beach,151.27481,-33.80054,08/03/2021,2
57,Sydney Harbour,Northern Beaches Council,Fairlight Beach,151.27481,-33.80054,20/04/2021,0
57,Sydney Harbour,Northern Beaches Council,Fairlight Beach,151.27481,-33.80054,08/04/2021,17
57,Sydney Harbour,Northern Beaches Council,Fairlight Beach,151.27481,-33.80054,14/04/2021,1
57,Sydney Harbour,Northern Beaches Council,Fairlight Beach,151.27481,-33.80054,31/03/2021,1
58,Sydney Harbour,Northern Beaches Council,Forty Baskets Pool,151.27065,-33.80312,08/04/2021,15
58,Sydney Harbour,Northern Beaches Council,Forty Baskets Pool,151.27065,-33.80312,20/04/2021,0
58,Sydney Harbour,Northern Beaches Council,Forty Baskets Pool,151.27065,-33.80312,14/04/2021,0
58,Sydney Harbour,Northern Beaches Council,Forty Baskets Pool,151.27065,-33.80312,31/03/2021,27
58,Sydney Harbour,Northern Beaches Council,Forty Baskets Pool,151.27065,-33.80312,24/03/2021,19
58,Sydney Harbour,Northern Beaches Council,Forty Baskets Pool,151.27065,-33.80312,08/03/2021,4
58,Sydney Harbour,Northern Beaches Council,Forty Baskets Pool,151.27065,-33.80312,19/03/2021,200
58,Sydney Harbour,Northern Beaches Council,Forty Baskets Pool,151.27065,-33.80312,12/02/2021,0
58,Sydney Harbour,Northern Beaches Council,Forty Baskets Pool,151.27065,-33.80312,18/02/2021,2
58,Sydney Harbour,Northern Beaches Council,Forty Baskets Pool,151.27065,-33.80312,12/03/2021,6
58,Sydney Harbour,Northern Beaches Council,Forty Baskets Pool,151.27065,-33.80312,02/03/2021,190
58,Sydney Harbour,Northern Beaches Council,Forty Baskets Pool,151.27065,-33.80312,25/02/2021,11
58,Sydney Harbour,Northern Beaches Council,Forty Baskets Pool,151.27065,-33.80312,27/01/2021,0
58,Sydney Harbour,Northern Beaches Council,Forty Baskets Pool,151.27065,-33.80312,09/12/2021,34
58,Sydney Harbour,Northern Beaches Council,Forty Baskets Pool,151.27065,-33.80312,03/12/2021,8
58,Sydney Harbour,Northern Beaches Council,Forty Baskets Pool,151.27065,-33.80312,02/02/2021,19
58,Sydney Harbour,Northern Beaches Council,Forty Baskets Pool,151.27065,-33.80312,18/01/2021,0
58,Sydney Harbour,Northern Beaches Council,Forty Baskets Pool,151.27065,-33.80312,08/02/2021,1
58,Sydney Harbour,Northern Beaches Council,Forty Baskets Pool,151.27065,-33.80312,14/01/2021,29
58,Sydney Harbour,Northern Beaches Council,Forty Baskets Pool,151.27065,-33.80312,29/12/2021,13
58,Sydney Harbour,Northern Beaches Council,Forty Baskets Pool,151.27065,-33.80312,22/12/2021,0
58,Sydney Harbour,Northern Beaches Council,Forty Baskets Pool,151.27065,-33.80312,26/10/2021,0
58,Sydney Harbour,Northern Beaches Council,Forty Baskets Pool,151.27065,-33.80312,15/12/2021,1
58,Sydney Harbour,Northern Beaches Council,Forty Baskets Pool,151.27065,-33.80312,26/11/2021,200
58,Sydney Harbour,Northern Beaches Council,Forty Baskets Pool,151.27065,-33.80312,26/04/2021,0
58,Sydney Harbour,Northern Beaches Council,Forty Baskets Pool,151.27065,-33.80312,29/10/2021,5
58,Sydney Harbour,Northern Beaches Council,Forty Baskets Pool,151.27065,-33.80312,10/11/2021,4
58,Sydney Harbour,Northern Beaches Council,Forty Baskets Pool,151.27065,-33.80312,08/10/2021,8
58,Sydney Harbour,Northern Beaches Council,Forty Baskets Pool,151.27065,-33.80312,16/11/2021,0
58,Sydney Harbour,Northern Beaches Council,Forty Baskets Pool,151.27065,-33.80312,22/11/2021,13
58,Sydney Harbour,Northern Beaches Council,Forty Baskets Pool,151.27065,-33.80312,13/07/2021,3
58,Sydney Harbour,Northern Beaches Council,Forty Baskets Pool,151.27065,-33.80312,26/08/2021,18
58,Sydney Harbour,Northern Beaches Council,Forty Baskets Pool,151.27065,-33.80312,09/06/2021,7
58,Sydney Harbour,Northern Beaches Council,Forty Baskets Pool,151.27065,-33.80312,13/05/2021,7
58,Sydney Harbour,Northern Beaches Council,Forty Baskets Pool,151.27065,-33.80312,04/11/2021,0
58,Sydney Harbour,Northern Beaches Council,Forty Baskets Pool,151.27065,-33.80312,20/10/2021,12
58,Sydney Harbour,Northern Beaches Council,Forty Baskets Pool,151.27065,-33.80312,14/10/2021,5
58,Sydney Harbour,Northern Beaches Council,Forty Baskets Pool,151.27065,-33.80312,20/09/2021,1
89.1,Sydney Harbour,Northern Beaches Council,Gurney Crescent Baths,151.235278,-33.793451,26/08/2021,88
89.1,Sydney Harbour,Northern Beaches Council,Gurney Crescent Baths,151.235278,-33.793451,20/09/2021,7
89.1,Sydney Harbour,Northern Beaches Council,Gurney Crescent Baths,151.235278,-33.793451,26/04/2021,0
89.1,Sydney Harbour,Northern Beaches Council,Gurney Crescent Baths,151.235278,-33.793451,13/05/2021,6
89.1,Sydney Harbour,Northern Beaches Council,Gurney Crescent Baths,151.235278,-33.793451,13/07/2021,2
89.1,Sydney Harbour,Northern Beaches Council,Gurney Crescent Baths,151.235278,-33.793451,10/11/2021,7
89.1,Sydney Harbour,Northern Beaches Council,Gurney Crescent Baths,151.235278,-33.793451,09/06/2021,17
89.1,Sydney Harbour,Northern Beaches Council,Gurney Crescent Baths,151.235278,-33.793451,14/10/2021,90
89.1,Sydney Harbour,Northern Beaches Council,Gurney Crescent Baths,151.235278,-33.793451,20/10/2021,0
89.1,Sydney Harbour,Northern Beaches Council,Gurney Crescent Baths,151.235278,-33.793451,26/10/2021,1
89.1,Sydney Harbour,Northern Beaches Council,Gurney Crescent Baths,151.235278,-33.793451,26/11/2021,150
89.1,Sydney Harbour,Northern Beaches Council,Gurney Crescent Baths,151.235278,-33.793451,08/10/2021,5
89.1,Sydney Harbour,Northern Beaches Council,Gurney Crescent Baths,151.235278,-33.793451,29/10/2021,1
89.1,Sydney Harbour,Northern Beaches Council,Gurney Crescent Baths,151.235278,-33.793451,04/11/2021,1
89.1,Sydney Harbour,Northern Beaches Council,Gurney Crescent Baths,151.235278,-33.793451,16/11/2021,0
89.1,Sydney Harbour,Northern Beaches Council,Gurney Crescent Baths,151.235278,-33.793451,22/11/2021,5
89.1,Sydney Harbour,Northern Beaches Council,Gurney Crescent Baths,151.235278,-33.793451,03/12/2021,15
89.1,Sydney Harbour,Northern Beaches Council,Gurney Crescent Baths,151.235278,-33.793451,09/12/2021,28
89.1,Sydney Harbour,Northern Beaches Council,Gurney Crescent Baths,151.235278,-33.793451,22/12/2021,0
89.1,Sydney Harbour,Northern Beaches Council,Gurney Crescent Baths,151.235278,-33.793451,15/12/2021,0
89.1,Sydney Harbour,Northern Beaches Council,Gurney Crescent Baths,151.235278,-33.793451,29/12/2021,300
89.1,Sydney Harbour,Northern Beaches Council,Gurney Crescent Baths,151.235278,-33.793451,18/01/2021,0
89.1,Sydney Harbour,Northern Beaches Council,Gurney Crescent Baths,151.235278,-33.793451,27/01/2021,0
89.1,Sydney Harbour,Northern Beaches Council,Gurney Crescent Baths,151.235278,-33.793451,02/02/2021,110
89.1,Sydney Harbour,Northern Beaches Council,Gurney Crescent Baths,151.235278,-33.793451,02/03/2021,5
89.1,Sydney Harbour,Northern Beaches Council,Gurney Crescent Baths,151.235278,-33.793451,12/03/2021,0
89.1,Sydney Harbour,Northern Beaches Council,Gurney Crescent Baths,151.235278,-33.793451,18/02/2021,27
89.1,Sydney Harbour,Northern Beaches Council,Gurney Crescent Baths,151.235278,-33.793451,31/03/2021,28
89.1,Sydney Harbour,Northern Beaches Council,Gurney Crescent Baths,151.235278,-33.793451,14/01/2021,68
89.1,Sydney Harbour,Northern Beaches Council,Gurney Crescent Baths,151.235278,-33.793451,25/02/2021,52
89.1,Sydney Harbour,Northern Beaches Council,Gurney Crescent Baths,151.235278,-33.793451,08/02/2021,0
89.1,Sydney Harbour,Northern Beaches Council,Gurney Crescent Baths,151.235278,-33.793451,19/03/2021,5700
89.1,Sydney Harbour,Northern Beaches Council,Gurney Crescent Baths,151.235278,-33.793451,08/03/2021,1
89.1,Sydney Harbour,Northern Beaches Council,Gurney Crescent Baths,151.235278,-33.793451,12/02/2021,0
89.1,Sydney Harbour,Northern Beaches Council,Gurney Crescent Baths,151.235278,-33.793451,24/03/2021,140
89.1,Sydney Harbour,Northern Beaches Council,Gurney Crescent Baths,151.235278,-33.793451,08/04/2021,98
89.1,Sydney Harbour,Northern Beaches Council,Gurney Crescent Baths,151.235278,-33.793451,20/04/2021,0
89.1,Sydney Harbour,Northern Beaches Council,Gurney Crescent Baths,151.235278,-33.793451,14/04/2021,1
56,Sydney Harbour,Northern Beaches Council,Little Manly Cove,151.2867,-33.80723,24/03/2021,14
56,Sydney Harbour,Northern Beaches Council,Little Manly Cove,151.2867,-33.80723,31/03/2021,6
56,Sydney Harbour,Northern Beaches Council,Little Manly Cove,151.2867,-33.80723,20/04/2021,1
56,Sydney Harbour,Northern Beaches Council,Little Manly Cove,151.2867,-33.80723,08/04/2021,61
56,Sydney Harbour,Northern Beaches Council,Little Manly Cove,151.2867,-33.80723,14/04/2021,1
56,Sydney Harbour,Northern Beaches Council,Little Manly Cove,151.2867,-33.80723,12/03/2021,0
56,Sydney Harbour,Northern Beaches Council,Little Manly Cove,151.2867,-33.80723,02/03/2021,1
56,Sydney Harbour,Northern Beaches Council,Little Manly Cove,151.2867,-33.80723,08/02/2021,5
56,Sydney Harbour,Northern Beaches Council,Little Manly Cove,151.2867,-33.80723,18/02/2021,140
56,Sydney Harbour,Northern Beaches Council,Little Manly Cove,151.2867,-33.80723,12/02/2021,4
56,Sydney Harbour,Northern Beaches Council,Little Manly Cove,151.2867,-33.80723,22/12/2021,2
56,Sydney Harbour,Northern Beaches Council,Little Manly Cove,151.2867,-33.80723,18/01/2021,0
56,Sydney Harbour,Northern Beaches Council,Little Manly Cove,151.2867,-33.80723,19/03/2021,2
56,Sydney Harbour,Northern Beaches Council,Little Manly Cove,151.2867,-33.80723,08/03/2021,3
56,Sydney Harbour,Northern Beaches Council,Little Manly Cove,151.2867,-33.80723,25/02/2021,12
56,Sydney Harbour,Northern Beaches Council,Little Manly Cove,151.2867,-33.80723,27/01/2021,10
56,Sydney Harbour,Northern Beaches Council,Little Manly Cove,151.2867,-33.80723,09/12/2021,46
56,Sydney Harbour,Northern Beaches Council,Little Manly Cove,151.2867,-33.80723,14/01/2021,84
56,Sydney Harbour,Northern Beaches Council,Little Manly Cove,151.2867,-33.80723,29/12/2021,45
56,Sydney Harbour,Northern Beaches Council,Little Manly Cove,151.2867,-33.80723,02/02/2021,27
56,Sydney Harbour,Northern Beaches Council,Little Manly Cove,151.2867,-33.80723,15/12/2021,0
56,Sydney Harbour,Northern Beaches Council,Little Manly Cove,151.2867,-33.80723,26/10/2021,11
56,Sydney Harbour,Northern Beaches Council,Little Manly Cove,151.2867,-33.80723,16/11/2021,1
56,Sydney Harbour,Northern Beaches Council,Little Manly Cove,151.2867,-33.80723,22/11/2021,16
56,Sydney Harbour,Northern Beaches Council,Little Manly Cove,151.2867,-33.80723,20/10/2021,74
56,Sydney Harbour,Northern Beaches Council,Little Manly Cove,151.2867,-33.80723,08/10/2021,3
56,Sydney Harbour,Northern Beaches Council,Little Manly Cove,151.2867,-33.80723,14/10/2021,3
56,Sydney Harbour,Northern Beaches Council,Little Manly Cove,151.2867,-33.80723,13/05/2021,1
56,Sydney Harbour,Northern Beaches Council,Little Manly Cove,151.2867,-33.80723,03/12/2021,0
56,Sydney Harbour,Northern Beaches Council,Little Manly Cove,151.2867,-33.80723,09/06/2021,0
56,Sydney Harbour,Northern Beaches Council,Little Manly Cove,151.2867,-33.80723,20/09/2021,0
56,Sydney Harbour,Northern Beaches Council,Little Manly Cove,151.2867,-33.80723,26/04/2021,12
56,Sydney Harbour,Northern Beaches Council,Little Manly Cove,151.2867,-33.80723,10/11/2021,3
56,Sydney Harbour,Northern Beaches Council,Little Manly Cove,151.2867,-33.80723,04/11/2021,4
56,Sydney Harbour,Northern Beaches Council,Little Manly Cove,151.2867,-33.80723,13/07/2021,2
56,Sydney Harbour,Northern Beaches Council,Little Manly Cove,151.2867,-33.80723,26/08/2021,10
56,Sydney Harbour,Northern Beaches Council,Little Manly Cove,151.2867,-33.80723,26/11/2021,820
56,Sydney Harbour,Northern Beaches Council,Little Manly Cove,151.2867,-33.80723,29/10/2021,2
54,Sydney Harbour,Northern Beaches Council,Manly Cove,151.282559,-33.799517,29/10/2021,11
54,Sydney Harbour,Northern Beaches Council,Manly Cove,151.282559,-33.799517,26/10/2021,28
54,Sydney Harbour,Northern Beaches Council,Manly Cove,151.282559,-33.799517,08/10/2021,67
54,Sydney Harbour,Northern Beaches Council,Manly Cove,151.282559,-33.799517,26/11/2021,210
54,Sydney Harbour,Northern Beaches Council,Manly Cove,151.282559,-33.799517,26/08/2021,46
54,Sydney Harbour,Northern Beaches Council,Manly Cove,151.282559,-33.799517,13/07/2021,4
54,Sydney Harbour,Northern Beaches Council,Manly Cove,151.282559,-33.799517,04/11/2021,0
54,Sydney Harbour,Northern Beaches Council,Manly Cove,151.282559,-33.799517,10/11/2021,1
54,Sydney Harbour,Northern Beaches Council,Manly Cove,151.282559,-33.799517,22/11/2021,1
54,Sydney Harbour,Northern Beaches Council,Manly Cove,151.282559,-33.799517,13/05/2021,7
54,Sydney Harbour,Northern Beaches Council,Manly Cove,151.282559,-33.799517,09/06/2021,9
54,Sydney Harbour,Northern Beaches Council,Manly Cove,151.282559,-33.799517,20/09/2021,4
54,Sydney Harbour,Northern Beaches Council,Manly Cove,151.282559,-33.799517,20/10/2021,44
54,Sydney Harbour,Northern Beaches Council,Manly Cove,151.282559,-33.799517,14/10/2021,26
54,Sydney Harbour,Northern Beaches Council,Manly Cove,151.282559,-33.799517,26/04/2021,2
54,Sydney Harbour,Northern Beaches Council,Manly Cove,151.282559,-33.799517,16/11/2021,3
54,Sydney Harbour,Northern Beaches Council,Manly Cove,151.282559,-33.799517,15/12/2021,0
54,Sydney Harbour,Northern Beaches Council,Manly Cove,151.282559,-33.799517,03/12/2021,21
54,Sydney Harbour,Northern Beaches Council,Manly Cove,151.282559,-33.799517,29/12/2021,330
54,Sydney Harbour,Northern Beaches Council,Manly Cove,151.282559,-33.799517,22/12/2021,4
54,Sydney Harbour,Northern Beaches Council,Manly Cove,151.282559,-33.799517,14/01/2021,11
54,Sydney Harbour,Northern Beaches Council,Manly Cove,151.282559,-33.799517,09/12/2021,34
54,Sydney Harbour,Northern Beaches Council,Manly Cove,151.282559,-33.799517,08/02/2021,42
54,Sydney Harbour,Northern Beaches Council,Manly Cove,151.282559,-33.799517,02/02/2021,13
54,Sydney Harbour,Northern Beaches Council,Manly Cove,151.282559,-33.799517,18/01/2021,0
54,Sydney Harbour,Northern Beaches Council,Manly Cove,151.282559,-33.799517,27/01/2021,21
54,Sydney Harbour,Northern Beaches Council,Manly Cove,151.282559,-33.799517,25/02/2021,23
54,Sydney Harbour,Northern Beaches Council,Manly Cove,151.282559,-33.799517,02/03/2021,4
54,Sydney Harbour,Northern Beaches Council,Manly Cove,151.282559,-33.799517,12/03/2021,2
54,Sydney Harbour,Northern Beaches Council,Manly Cove,151.282559,-33.799517,18/02/2021,3
54,Sydney Harbour,Northern Beaches Council,Manly Cove,151.282559,-33.799517,12/02/2021,0
54,Sydney Harbour,Northern Beaches Council,Manly Cove,151.282559,-33.799517,08/03/2021,4
54,Sydney Harbour,Northern Beaches Council,Manly Cove,151.282559,-33.799517,08/04/2021,27
54,Sydney Harbour,Northern Beaches Council,Manly Cove,151.282559,-33.799517,20/04/2021,1
54,Sydney Harbour,Northern Beaches Council,Manly Cove,151.282559,-33.799517,14/04/2021,2
54,Sydney Harbour,Northern Beaches Council,Manly Cove,151.282559,-33.799517,19/03/2021,16
54,Sydney Harbour,Northern Beaches Council,Manly Cove,151.282559,-33.799517,31/03/2021,17
54,Sydney Harbour,Northern Beaches Council,Manly Cove,151.282559,-33.799517,24/03/2021,25
86,Sydney Harbour,Willoughby Council,Northbridge Baths,151.222754,-33.806043,08/04/2021,110
86,Sydney Harbour,Willoughby Council,Northbridge Baths,151.222754,-33.806043,20/04/2021,1
86,Sydney Harbour,Willoughby Council,Northbridge Baths,151.222754,-33.806043,14/04/2021,8
86,Sydney Harbour,Willoughby Council,Northbridge Baths,151.222754,-33.806043,24/03/2021,7
86,Sydney Harbour,Willoughby Council,Northbridge Baths,151.222754,-33.806043,31/03/2021,49
86,Sydney Harbour,Willoughby Council,Northbridge Baths,151.222754,-33.806043,08/03/2021,2
86,Sydney Harbour,Willoughby Council,Northbridge Baths,151.222754,-33.806043,08/02/2021,82
86,Sydney Harbour,Willoughby Council,Northbridge Baths,151.222754,-33.806043,25/02/2021,100
86,Sydney Harbour,Willoughby Council,Northbridge Baths,151.222754,-33.806043,19/03/2021,3400
86,Sydney Harbour,Willoughby Council,Northbridge Baths,151.222754,-33.806043,02/03/2021,10
86,Sydney Harbour,Willoughby Council,Northbridge Baths,151.222754,-33.806043,12/03/2021,2
86,Sydney Harbour,Willoughby Council,Northbridge Baths,151.222754,-33.806043,02/02/2021,24
86,Sydney Harbour,Willoughby Council,Northbridge Baths,151.222754,-33.806043,12/02/2021,3
86,Sydney Harbour,Willoughby Council,Northbridge Baths,151.222754,-33.806043,18/02/2021,100
86,Sydney Harbour,Willoughby Council,Northbridge Baths,151.222754,-33.806043,27/01/2021,5
86,Sydney Harbour,Willoughby Council,Northbridge Baths,151.222754,-33.806043,29/12/2021,64
86,Sydney Harbour,Willoughby Council,Northbridge Baths,151.222754,-33.806043,15/12/2021,11
86,Sydney Harbour,Willoughby Council,Northbridge Baths,151.222754,-33.806043,18/01/2021,6
86,Sydney Harbour,Willoughby Council,Northbridge Baths,151.222754,-33.806043,14/01/2021,25
86,Sydney Harbour,Willoughby Council,Northbridge Baths,151.222754,-33.806043,03/12/2021,7
86,Sydney Harbour,Willoughby Council,Northbridge Baths,151.222754,-33.806043,09/12/2021,36
86,Sydney Harbour,Willoughby Council,Northbridge Baths,151.222754,-33.806043,22/12/2021,2
86,Sydney Harbour,Willoughby Council,Northbridge Baths,151.222754,-33.806043,29/10/2021,9
86,Sydney Harbour,Willoughby Council,Northbridge Baths,151.222754,-33.806043,16/11/2021,0
86,Sydney Harbour,Willoughby Council,Northbridge Baths,151.222754,-33.806043,22/11/2021,26
86,Sydney Harbour,Willoughby Council,Northbridge Baths,151.222754,-33.806043,14/10/2021,19
86,Sydney Harbour,Willoughby Council,Northbridge Baths,151.222754,-33.806043,20/10/2021,1
86,Sydney Harbour,Willoughby Council,Northbridge Baths,151.222754,-33.806043,20/09/2021,11
86,Sydney Harbour,Willoughby Council,Northbridge Baths,151.222754,-33.806043,26/08/2021,16
86,Sydney Harbour,Willoughby Council,Northbridge Baths,151.222754,-33.806043,26/11/2021,220
86,Sydney Harbour,Willoughby Council,Northbridge Baths,151.222754,-33.806043,26/10/2021,3
86,Sydney Harbour,Willoughby Council,Northbridge Baths,151.222754,-33.806043,09/06/2021,9
86,Sydney Harbour,Willoughby Council,Northbridge Baths,151.222754,-33.806043,08/10/2021,20
86,Sydney Harbour,Willoughby Council,Northbridge Baths,151.222754,-33.806043,10/11/2021,1
86,Sydney Harbour,Willoughby Council,Northbridge Baths,151.222754,-33.806043,04/11/2021,3
86,Sydney Harbour,Willoughby Council,Northbridge Baths,151.222754,-33.806043,13/07/2021,13
86,Sydney Harbour,Willoughby Council,Northbridge Baths,151.222754,-33.806043,26/04/2021,3
86,Sydney Harbour,Willoughby Council,Northbridge Baths,151.222754,-33.806043,13/05/2021,10
62.2,Sydney Harbour,Woollahra Council,Camp Cove,151.278538,-33.839541,09/06/2021,0
62.2,Sydney Harbour,Woollahra Council,Camp Cove,151.278538,-33.839541,26/11/2021,80
62.2,Sydney Harbour,Woollahra Council,Camp Cove,151.278538,-33.839541,13/05/2021,0
62.2,Sydney Harbour,Woollahra Council,Camp Cove,151.278538,-33.839541,26/04/2021,1
62.2,Sydney Harbour,Woollahra Council,Camp Cove,151.278538,-33.839541,13/07/2021,1
62.2,Sydney Harbour,Woollahra Council,Camp Cove,151.278538,-33.839541,10/11/2021,0
62.2,Sydney Harbour,Woollahra Council,Camp Cove,151.278538,-33.839541,22/09/2021,0
62.2,Sydney Harbour,Woollahra Council,Camp Cove,151.278538,-33.839541,26/10/2021,32
62.2,Sydney Harbour,Woollahra Council,Camp Cove,151.278538,-33.839541,20/10/2021,9
62.2,Sydney Harbour,Woollahra Council,Camp Cove,151.278538,-33.839541,16/11/2021,0
62.2,Sydney Harbour,Woollahra Council,Camp Cove,151.278538,-33.839541,14/10/2021,6
62.2,Sydney Harbour,Woollahra Council,Camp Cove,151.278538,-33.839541,08/10/2021,5
62.2,Sydney Harbour,Woollahra Council,Camp Cove,151.278538,-33.839541,04/11/2021,5
62.2,Sydney Harbour,Woollahra Council,Camp Cove,151.278538,-33.839541,29/10/2021,0
62.2,Sydney Harbour,Woollahra Council,Camp Cove,151.278538,-33.839541,22/11/2021,10
62.2,Sydney Harbour,Woollahra Council,Camp Cove,151.278538,-33.839541,03/12/2021,16
62.2,Sydney Harbour,Woollahra Council,Camp Cove,151.278538,-33.839541,09/12/2021,1
62.2,Sydney Harbour,Woollahra Council,Camp Cove,151.278538,-33.839541,29/12/2021,3
62.2,Sydney Harbour,Woollahra Council,Camp Cove,151.278538,-33.839541,02/02/2021,0
62.2,Sydney Harbour,Woollahra Council,Camp Cove,151.278538,-33.839541,15/12/2021,3
62.2,Sydney Harbour,Woollahra Council,Camp Cove,151.278538,-33.839541,14/01/2021,110
62.2,Sydney Harbour,Woollahra Council,Camp Cove,151.278538,-33.839541,22/12/2021,0
62.2,Sydney Harbour,Woollahra Council,Camp Cove,151.278538,-33.839541,18/01/2021,0
62.2,Sydney Harbour,Woollahra Council,Camp Cove,151.278538,-33.839541,27/01/2021,0
62.2,Sydney Harbour,Woollahra Council,Camp Cove,151.278538,-33.839541,25/02/2021,18
62.2,Sydney Harbour,Woollahra Council,Camp Cove,151.278538,-33.839541,08/02/2021,8
62.2,Sydney Harbour,Woollahra Council,Camp Cove,151.278538,-33.839541,12/02/2021,0
62.2,Sydney Harbour,Woollahra Council,Camp Cove,151.278538,-33.839541,18/02/2021,160
62.2,Sydney Harbour,Woollahra Council,Camp Cove,151.278538,-33.839541,08/03/2021,4
62.2,Sydney Harbour,Woollahra Council,Camp Cove,151.278538,-33.839541,02/03/2021,3
62.2,Sydney Harbour,Woollahra Council,Camp Cove,151.278538,-33.839541,12/03/2021,0
62.2,Sydney Harbour,Woollahra Council,Camp Cove,151.278538,-33.839541,19/03/2021,12
62.2,Sydney Harbour,Woollahra Council,Camp Cove,151.278538,-33.839541,08/04/2021,10
62.2,Sydney Harbour,Woollahra Council,Camp Cove,151.278538,-33.839541,14/04/2021,3
62.2,Sydney Harbour,Woollahra Council,Camp Cove,151.278538,-33.839541,20/04/2021,7
62.2,Sydney Harbour,Woollahra Council,Camp Cove,151.278538,-33.839541,24/03/2021,11
62.2,Sydney Harbour,Woollahra Council,Camp Cove,151.278538,-33.839541,31/03/2021,4
67,Sydney Harbour,Woollahra Council,Murray Rose Pool,151.24696,-33.8712,08/04/2021,21
67,Sydney Harbour,Woollahra Council,Murray Rose Pool,151.24696,-33.8712,14/04/2021,30
67,Sydney Harbour,Woollahra Council,Murray Rose Pool,151.24696,-33.8712,19/03/2021,88
67,Sydney Harbour,Woollahra Council,Murray Rose Pool,151.24696,-33.8712,24/03/2021,74
67,Sydney Harbour,Woollahra Council,Murray Rose Pool,151.24696,-33.8712,31/03/2021,80
67,Sydney Harbour,Woollahra Council,Murray Rose Pool,151.24696,-33.8712,02/03/2021,38
67,Sydney Harbour,Woollahra Council,Murray Rose Pool,151.24696,-33.8712,08/02/2021,1
67,Sydney Harbour,Woollahra Council,Murray Rose Pool,151.24696,-33.8712,12/03/2021,4
67,Sydney Harbour,Woollahra Council,Murray Rose Pool,151.24696,-33.8712,25/02/2021,18
67,Sydney Harbour,Woollahra Council,Murray Rose Pool,151.24696,-33.8712,18/02/2021,21
67,Sydney Harbour,Woollahra Council,Murray Rose Pool,151.24696,-33.8712,12/02/2021,0
67,Sydney Harbour,Woollahra Council,Murray Rose Pool,151.24696,-33.8712,08/03/2021,1
67,Sydney Harbour,Woollahra Council,Murray Rose Pool,151.24696,-33.8712,02/02/2021,14
67,Sydney Harbour,Woollahra Council,Murray Rose Pool,151.24696,-33.8712,15/12/2021,3
67,Sydney Harbour,Woollahra Council,Murray Rose Pool,151.24696,-33.8712,29/12/2021,110
67,Sydney Harbour,Woollahra Council,Murray Rose Pool,151.24696,-33.8712,22/12/2021,39
67,Sydney Harbour,Woollahra Council,Murray Rose Pool,151.24696,-33.8712,18/01/2021,0
67,Sydney Harbour,Woollahra Council,Murray Rose Pool,151.24696,-33.8712,27/01/2021,0
67,Sydney Harbour,Woollahra Council,Murray Rose Pool,151.24696,-33.8712,14/01/2021,160
67,Sydney Harbour,Woollahra Council,Murray Rose Pool,151.24696,-33.8712,26/11/2021,340
67,Sydney Harbour,Woollahra Council,Murray Rose Pool,151.24696,-33.8712,14/10/2021,25
67,Sydney Harbour,Woollahra Council,Murray Rose Pool,151.24696,-33.8712,10/11/2021,0
67,Sydney Harbour,Woollahra Council,Murray Rose Pool,151.24696,-33.8712,26/04/2021,1
67,Sydney Harbour,Woollahra Council,Murray Rose Pool,151.24696,-33.8712,13/07/2021,92
67,Sydney Harbour,Woollahra Council,Murray Rose Pool,151.24696,-33.8712,09/06/2021,110
67,Sydney Harbour,Woollahra Council,Murray Rose Pool,151.24696,-33.8712,13/05/2021,26
67,Sydney Harbour,Woollahra Council,Murray Rose Pool,151.24696,-33.8712,08/10/2021,2
67,Sydney Harbour,Woollahra Council,Murray Rose Pool,151.24696,-33.8712,26/10/2021,6
67,Sydney Harbour,Woollahra Council,Murray Rose Pool,151.24696,-33.8712,29/10/2021,4
67,Sydney Harbour,Woollahra Council,Murray Rose Pool,151.24696,-33.8712,09/12/2021,67
67,Sydney Harbour,Woollahra Council,Murray Rose Pool,151.24696,-33.8712,03/12/2021,0
67,Sydney Harbour,Woollahra Council,Murray Rose Pool,151.24696,-33.8712,20/04/2021,4
67,Sydney Harbour,Woollahra Council,Murray Rose Pool,151.24696,-33.8712,22/11/2021,4
67,Sydney Harbour,Woollahra Council,Murray Rose Pool,151.24696,-33.8712,04/11/2021,6
67,Sydney Harbour,Woollahra Council,Murray Rose Pool,151.24696,-33.8712,16/11/2021,1
67,Sydney Harbour,Woollahra Council,Murray Rose Pool,151.24696,-33.8712,26/08/2021,18
67,Sydney Harbour,Woollahra Council,Murray Rose Pool,151.24696,-33.8712,20/10/2021,12
67,Sydney Harbour,Woollahra Council,Murray Rose Pool,151.24696,-33.8712,20/09/2021,9
55,Sydney Harbour,Woollahra Council,Nielsen Park,151.26626,-33.84979,14/10/2021,2
55,Sydney Harbour,Woollahra Council,Nielsen Park,151.26626,-33.84979,26/08/2021,8
55,Sydney Harbour,Woollahra Council,Nielsen Park,151.26626,-33.84979,09/06/2021,2
55,Sydney Harbour,Woollahra Council,Nielsen Park,151.26626,-33.84979,16/11/2021,1
55,Sydney Harbour,Woollahra Council,Nielsen Park,151.26626,-33.84979,03/12/2021,2
55,Sydney Harbour,Woollahra Council,Nielsen Park,151.26626,-33.84979,20/04/2021,0
55,Sydney Harbour,Woollahra Council,Nielsen Park,151.26626,-33.84979,26/04/2021,14
55,Sydney Harbour,Woollahra Council,Nielsen Park,151.26626,-33.84979,13/05/2021,0
55,Sydney Harbour,Woollahra Council,Nielsen Park,151.26626,-33.84979,26/10/2021,1
55,Sydney Harbour,Woollahra Council,Nielsen Park,151.26626,-33.84979,08/10/2021,3
55,Sydney Harbour,Woollahra Council,Nielsen Park,151.26626,-33.84979,13/07/2021,2
55,Sydney Harbour,Woollahra Council,Nielsen Park,151.26626,-33.84979,20/09/2021,0
55,Sydney Harbour,Woollahra Council,Nielsen Park,151.26626,-33.84979,10/11/2021,1
55,Sydney Harbour,Woollahra Council,Nielsen Park,151.26626,-33.84979,29/10/2021,2
55,Sydney Harbour,Woollahra Council,Nielsen Park,151.26626,-33.84979,22/11/2021,11
55,Sydney Harbour,Woollahra Council,Nielsen Park,151.26626,-33.84979,20/10/2021,1
55,Sydney Harbour,Woollahra Council,Nielsen Park,151.26626,-33.84979,26/11/2021,47
55,Sydney Harbour,Woollahra Council,Nielsen Park,151.26626,-33.84979,04/11/2021,2
55,Sydney Harbour,Woollahra Council,Nielsen Park,151.26626,-33.84979,18/01/2021,0
55,Sydney Harbour,Woollahra Council,Nielsen Park,151.26626,-33.84979,08/02/2021,73
55,Sydney Harbour,Woollahra Council,Nielsen Park,151.26626,-33.84979,14/01/2021,14
55,Sydney Harbour,Woollahra Council,Nielsen Park,151.26626,-33.84979,22/12/2021,1
55,Sydney Harbour,Woollahra Council,Nielsen Park,151.26626,-33.84979,02/02/2021,23
55,Sydney Harbour,Woollahra Council,Nielsen Park,151.26626,-33.84979,19/03/2021,11
55,Sydney Harbour,Woollahra Council,Nielsen Park,151.26626,-33.84979,25/02/2021,9
55,Sydney Harbour,Woollahra Council,Nielsen Park,151.26626,-33.84979,12/02/2021,0
55,Sydney Harbour,Woollahra Council,Nielsen Park,151.26626,-33.84979,18/02/2021,170
55,Sydney Harbour,Woollahra Council,Nielsen Park,151.26626,-33.84979,12/03/2021,1
55,Sydney Harbour,Woollahra Council,Nielsen Park,151.26626,-33.84979,02/03/2021,2
55,Sydney Harbour,Woollahra Council,Nielsen Park,151.26626,-33.84979,08/03/2021,5
55,Sydney Harbour,Woollahra Council,Nielsen Park,151.26626,-33.84979,09/12/2021,18
55,Sydney Harbour,Woollahra Council,Nielsen Park,151.26626,-33.84979,15/12/2021,1
55,Sydney Harbour,Woollahra Council,Nielsen Park,151.26626,-33.84979,27/01/2021,3
55,Sydney Harbour,Woollahra Council,Nielsen Park,151.26626,-33.84979,29/12/2021,27
55,Sydney Harbour,Woollahra Council,Nielsen Park,151.26626,-33.84979,31/03/2021,5
55,Sydney Harbour,Woollahra Council,Nielsen Park,151.26626,-33.84979,24/03/2021,20
55,Sydney Harbour,Woollahra Council,Nielsen Park,151.26626,-33.84979,14/04/2021,0
55,Sydney Harbour,Woollahra Council,Nielsen Park,151.26626,-33.84979,08/04/2021,9
63,Sydney Harbour,Woollahra Council,Parsley Bay,151.27636,-33.84979,08/04/2021,23
63,Sydney Harbour,Woollahra Council,Parsley Bay,151.27636,-33.84979,14/04/2021,7
63,Sydney Harbour,Woollahra Council,Parsley Bay,151.27636,-33.84979,08/03/2021,13
63,Sydney Harbour,Woollahra Council,Parsley Bay,151.27636,-33.84979,12/02/2021,0
63,Sydney Harbour,Woollahra Council,Parsley Bay,151.27636,-33.84979,12/03/2021,0
63,Sydney Harbour,Woollahra Council,Parsley Bay,151.27636,-33.84979,18/02/2021,8
63,Sydney Harbour,Woollahra Council,Parsley Bay,151.27636,-33.84979,25/02/2021,26
63,Sydney Harbour,Woollahra Council,Parsley Bay,151.27636,-33.84979,02/03/2021,40
63,Sydney Harbour,Woollahra Council,Parsley Bay,151.27636,-33.84979,14/01/2021,84
63,Sydney Harbour,Woollahra Council,Parsley Bay,151.27636,-33.84979,31/03/2021,17
63,Sydney Harbour,Woollahra Council,Parsley Bay,151.27636,-33.84979,24/03/2021,53
63,Sydney Harbour,Woollahra Council,Parsley Bay,151.27636,-33.84979,19/03/2021,120
63,Sydney Harbour,Woollahra Council,Parsley Bay,151.27636,-33.84979,27/01/2021,19
63,Sydney Harbour,Woollahra Council,Parsley Bay,151.27636,-33.84979,22/12/2021,2
63,Sydney Harbour,Woollahra Council,Parsley Bay,151.27636,-33.84979,29/12/2021,210
63,Sydney Harbour,Woollahra Council,Parsley Bay,151.27636,-33.84979,08/02/2021,16
63,Sydney Harbour,Woollahra Council,Parsley Bay,151.27636,-33.84979,02/02/2021,19
63,Sydney Harbour,Woollahra Council,Parsley Bay,151.27636,-33.84979,15/12/2021,3
63,Sydney Harbour,Woollahra Council,Parsley Bay,151.27636,-33.84979,18/01/2021,0
63,Sydney Harbour,Woollahra Council,Parsley Bay,151.27636,-33.84979,10/11/2021,8
63,Sydney Harbour,Woollahra Council,Parsley Bay,151.27636,-33.84979,29/10/2021,25
63,Sydney Harbour,Woollahra Council,Parsley Bay,151.27636,-33.84979,22/11/2021,12
63,Sydney Harbour,Woollahra Council,Parsley Bay,151.27636,-33.84979,09/12/2021,42
63,Sydney Harbour,Woollahra Council,Parsley Bay,151.27636,-33.84979,04/11/2021,6
63,Sydney Harbour,Woollahra Council,Parsley Bay,151.27636,-33.84979,26/11/2021,420
63,Sydney Harbour,Woollahra Council,Parsley Bay,151.27636,-33.84979,20/10/2021,33
63,Sydney Harbour,Woollahra Council,Parsley Bay,151.27636,-33.84979,26/10/2021,17
63,Sydney Harbour,Woollahra Council,Parsley Bay,151.27636,-33.84979,13/07/2021,10
63,Sydney Harbour,Woollahra Council,Parsley Bay,151.27636,-33.84979,26/08/2021,8
63,Sydney Harbour,Woollahra Council,Parsley Bay,151.27636,-33.84979,20/09/2021,1
63,Sydney Harbour,Woollahra Council,Parsley Bay,151.27636,-33.84979,20/04/2021,2
63,Sydney Harbour,Woollahra Council,Parsley Bay,151.27636,-33.84979,08/10/2021,70
63,Sydney Harbour,Woollahra Council,Parsley Bay,151.27636,-33.84979,13/05/2021,0
63,Sydney Harbour,Woollahra Council,Parsley Bay,151.27636,-33.84979,26/04/2021,0
63,Sydney Harbour,Woollahra Council,Parsley Bay,151.27636,-33.84979,03/12/2021,20
63,Sydney Harbour,Woollahra Council,Parsley Bay,151.27636,-33.84979,16/11/2021,2
63,Sydney Harbour,Woollahra Council,Parsley Bay,151.27636,-33.84979,09/06/2021,44
63,Sydney Harbour,Woollahra Council,Parsley Bay,151.27636,-33.84979,14/10/2021,5
65,Sydney Harbour,Woollahra Council,Rose Bay Beach,151.2659,-33.870424,14/10/2021,30
65,Sydney Harbour,Woollahra Council,Rose Bay Beach,151.2659,-33.870424,26/08/2021,19
65,Sydney Harbour,Woollahra Council,Rose Bay Beach,151.2659,-33.870424,22/11/2021,1
65,Sydney Harbour,Woollahra Council,Rose Bay Beach,151.2659,-33.870424,16/11/2021,0
65,Sydney Harbour,Woollahra Council,Rose Bay Beach,151.2659,-33.870424,04/11/2021,120
65,Sydney Harbour,Woollahra Council,Rose Bay Beach,151.2659,-33.870424,20/04/2021,3
65,Sydney Harbour,Woollahra Council,Rose Bay Beach,151.2659,-33.870424,03/12/2021,42
65,Sydney Harbour,Woollahra Council,Rose Bay Beach,151.2659,-33.870424,26/10/2021,38
65,Sydney Harbour,Woollahra Council,Rose Bay Beach,151.2659,-33.870424,20/10/2021,86
65,Sydney Harbour,Woollahra Council,Rose Bay Beach,151.2659,-33.870424,29/10/2021,22
65,Sydney Harbour,Woollahra Council,Rose Bay Beach,151.2659,-33.870424,26/04/2021,4
65,Sydney Harbour,Woollahra Council,Rose Bay Beach,151.2659,-33.870424,20/09/2021,32
65,Sydney Harbour,Woollahra Council,Rose Bay Beach,151.2659,-33.870424,13/07/2021,13
65,Sydney Harbour,Woollahra Council,Rose Bay Beach,151.2659,-33.870424,09/06/2021,100
65,Sydney Harbour,Woollahra Council,Rose Bay Beach,151.2659,-33.870424,13/05/2021,20
65,Sydney Harbour,Woollahra Council,Rose Bay Beach,151.2659,-33.870424,08/10/2021,41
65,Sydney Harbour,Woollahra Council,Rose Bay Beach,151.2659,-33.870424,26/11/2021,71
65,Sydney Harbour,Woollahra Council,Rose Bay Beach,151.2659,-33.870424,09/12/2021,66
65,Sydney Harbour,Woollahra Council,Rose Bay Beach,151.2659,-33.870424,10/11/2021,40
65,Sydney Harbour,Woollahra Council,Rose Bay Beach,151.2659,-33.870424,18/01/2021,2
65,Sydney Harbour,Woollahra Council,Rose Bay Beach,151.2659,-33.870424,27/01/2021,1
65,Sydney Harbour,Woollahra Council,Rose Bay Beach,151.2659,-33.870424,29/12/2021,92
65,Sydney Harbour,Woollahra Council,Rose Bay Beach,151.2659,-33.870424,22/12/2021,14
65,Sydney Harbour,Woollahra Council,Rose Bay Beach,151.2659,-33.870424,15/12/2021,58
65,Sydney Harbour,Woollahra Council,Rose Bay Beach,151.2659,-33.870424,19/03/2021,40
65,Sydney Harbour,Woollahra Council,Rose Bay Beach,151.2659,-33.870424,08/03/2021,63
65,Sydney Harbour,Woollahra Council,Rose Bay Beach,151.2659,-33.870424,24/03/2021,100
65,Sydney Harbour,Woollahra Council,Rose Bay Beach,151.2659,-33.870424,31/03/2021,23
65,Sydney Harbour,Woollahra Council,Rose Bay Beach,151.2659,-33.870424,14/01/2021,68
65,Sydney Harbour,Woollahra Council,Rose Bay Beach,151.2659,-33.870424,02/02/2021,39
65,Sydney Harbour,Woollahra Council,Rose Bay Beach,151.2659,-33.870424,08/02/2021,2
65,Sydney Harbour,Woollahra Council,Rose Bay Beach,151.2659,-33.870424,25/02/2021,130
65,Sydney Harbour,Woollahra Council,Rose Bay Beach,151.2659,-33.870424,18/02/2021,26
65,Sydney Harbour,Woollahra Council,Rose Bay Beach,151.2659,-33.870424,12/02/2021,0
65,Sydney Harbour,Woollahra Council,Rose Bay Beach,151.2659,-33.870424,02/03/2021,250
65,Sydney Harbour,Woollahra Council,Rose Bay Beach,151.2659,-33.870424,12/03/2021,0
65,Sydney Harbour,Woollahra Council,Rose Bay Beach,151.2659,-33.870424,08/04/2021,23
65,Sydney Harbour,Woollahra Council,Rose Bay Beach,151.2659,-33.870424,14/04/2021,10
62,Sydney Harbour,Woollahra Council,Watsons Bay,151.28052,-33.84504,20/04/2021,2
62,Sydney Harbour,Woollahra Council,Watsons Bay,151.28052,-33.84504,08/04/2021,14
62,Sydney Harbour,Woollahra Council,Watsons Bay,151.28052,-33.84504,24/03/2021,14
62,Sydney Harbour,Woollahra Council,Watsons Bay,151.28052,-33.84504,14/04/2021,4
62,Sydney Harbour,Woollahra Council,Watsons Bay,151.28052,-33.84504,31/03/2021,1
62,Sydney Harbour,Woollahra Council,Watsons Bay,151.28052,-33.84504,02/03/2021,13
62,Sydney Harbour,Woollahra Council,Watsons Bay,151.28052,-33.84504,12/03/2021,3
62,Sydney Harbour,Woollahra Council,Watsons Bay,151.28052,-33.84504,18/01/2021,0
62,Sydney Harbour,Woollahra Council,Watsons Bay,151.28052,-33.84504,27/01/2021,11
62,Sydney Harbour,Woollahra Council,Watsons Bay,151.28052,-33.84504,15/12/2021,0
62,Sydney Harbour,Woollahra Council,Watsons Bay,151.28052,-33.84504,09/12/2021,33
62,Sydney Harbour,Woollahra Council,Watsons Bay,151.28052,-33.84504,08/03/2021,0
62,Sydney Harbour,Woollahra Council,Watsons Bay,151.28052,-33.84504,18/02/2021,24
62,Sydney Harbour,Woollahra Council,Watsons Bay,151.28052,-33.84504,12/02/2021,0
62,Sydney Harbour,Woollahra Council,Watsons Bay,151.28052,-33.84504,25/02/2021,14
62,Sydney Harbour,Woollahra Council,Watsons Bay,151.28052,-33.84504,19/03/2021,11
62,Sydney Harbour,Woollahra Council,Watsons Bay,151.28052,-33.84504,22/12/2021,5
62,Sydney Harbour,Woollahra Council,Watsons Bay,151.28052,-33.84504,14/01/2021,120
62,Sydney Harbour,Woollahra Council,Watsons Bay,151.28052,-33.84504,08/02/2021,3
62,Sydney Harbour,Woollahra Council,Watsons Bay,151.28052,-33.84504,02/02/2021,38
62,Sydney Harbour,Woollahra Council,Watsons Bay,151.28052,-33.84504,29/12/2021,46
62,Sydney Harbour,Woollahra Council,Watsons Bay,151.28052,-33.84504,04/11/2021,12
62,Sydney Harbour,Woollahra Council,Watsons Bay,151.28052,-33.84504,16/11/2021,0
62,Sydney Harbour,Woollahra Council,Watsons Bay,151.28052,-33.84504,22/11/2021,8
62,Sydney Harbour,Woollahra Council,Watsons Bay,151.28052,-33.84504,29/10/2021,3
62,Sydney Harbour,Woollahra Council,Watsons Bay,151.28052,-33.84504,26/10/2021,22
62,Sydney Harbour,Woollahra Council,Watsons Bay,151.28052,-33.84504,20/10/2021,16
62,Sydney Harbour,Woollahra Council,Watsons Bay,151.28052,-33.84504,08/10/2021,20
62,Sydney Harbour,Woollahra Council,Watsons Bay,151.28052,-33.84504,20/09/2021,23
62,Sydney Harbour,Woollahra Council,Watsons Bay,151.28052,-33.84504,03/12/2021,15
62,Sydney Harbour,Woollahra Council,Watsons Bay,151.28052,-33.84504,26/08/2021,26
62,Sydney Harbour,Woollahra Council,Watsons Bay,151.28052,-33.84504,10/11/2021,3
62,Sydney Harbour,Woollahra Council,Watsons Bay,151.28052,-33.84504,13/07/2021,1
62,Sydney Harbour,Woollahra Council,Watsons Bay,151.28052,-33.84504,26/04/2021,0
62,Sydney Harbour,Woollahra Council,Watsons Bay,151.28052,-33.84504,13/05/2021,0
62,Sydney Harbour,Woollahra Council,Watsons Bay,151.28052,-33.84504,26/11/2021,470
62,Sydney Harbour,Woollahra Council,Watsons Bay,151.28052,-33.84504,09/06/2021,12
62,Sydney Harbour,Woollahra Council,Watsons Bay,151.28052,-33.84504,14/10/2021,6
